醫事機構代碼,醫事機構名稱,醫事機構地址,醫事機構電話,成人口罩剩餘數,兒童口罩剩餘數,來源資料時間
0145080011,衛生福利部花蓮醫院豐濱原住民分院,花蓮縣豐濱鄉豐濱村光豐路４１號,(03)8358141,400,213,2020/02/12 02:32:38
0291010010,連江縣立醫院,連江縣南竿鄉復興村２１７號,(083)623995,4,44,2020/02/12 02:32:38
2331190019,新北市石碇區衛生所,新北市石碇區潭邊里碇坪路１段８２號,(02)26631325,200,50,2020/02/12 02:32:38
2331240014,新北市平溪區衛生所,新北市平溪區公園街１７號１樓,(02)24951015,0,180,2020/02/12 02:32:38
2331260016,新北市貢寮區衛生所,新北市貢寮區朝陽街７０巷１０號、新北市貢寮區仁愛路１２８號,(02)24901431,0,60,2020/02/12 02:32:38
2331290014,新北市烏來區衛生所,新北市烏來區新烏路５段１０９號,(02)26617200,0,24,2020/02/12 02:32:38
2333070010,新竹縣橫山鄉衛生所,新竹縣橫山鄉大肚村３鄰新興街１４１巷１０號,(03)5932004,0,40,2020/02/12 02:32:38
2333120015,新竹縣峨眉鄉衛生所,新竹縣峨眉鄉峨眉村峨眉街２鄰５號,(03)5800314,1,142,2020/02/12 02:32:38
2333140017,新竹縣五峰鄉衛生所,新竹縣五峰鄉大隘村六鄰９９號,(03)5851005,189,102,2020/02/12 02:32:38
2334110013,宜蘭縣大同鄉衛生所,宜蘭縣大同鄉崙埤村朝陽４０號,(03)9801175,1,136,2020/02/12 02:32:38
2335110017,苗栗縣南庄鄉衛生所,苗栗縣南庄鄉東村大同路１７號,(037)822024,10,64,2020/02/12 02:32:38
2335150011,苗栗縣造橋鄉衛生所,苗栗縣造橋鄉造橋村１４鄰８－２號,(037)542755,0,2,2020/02/12 02:32:38
2335170013,苗栗縣獅潭鄉衛生所,苗栗縣獅潭鄉新店村１３０之６號,(037)931309,0,82,2020/02/12 02:32:38
2335180019,苗栗縣泰安鄉衛生所,苗栗縣泰安鄉清安村２鄰７２號,(037)941054,192,176,2020/02/12 02:32:38
2336210034,臺中市和平區梨山衛生所,臺中市和平區梨山里中正路６８號,(04)25989540,0,40,2020/02/12 02:32:38
2338070010,南投縣鹿谷鄉衛生所,南投縣鹿谷鄉中正路二段２０號,(049)2752002,0,78,2020/02/12 02:32:38
2338120015,南投縣信義鄉衛生所,南投縣信義鄉明德村玉山路４５號,(049)2791148,2,82,2020/02/12 02:32:38
2340170016,嘉義縣大埔鄉衛生所,嘉義縣大埔鄉大埔村５３－１號,(05)2521214,0,50,2020/02/12 02:32:38
2341140012,臺南市官田區衛生所,臺南市官田區隆田里中山路一段１２８號,(06)5791493,400,100,2020/02/12 02:32:38
2341250013,台南市南化區衛生所,臺南市南化區南化里２２６－１號,(06)5771139,0,170,2020/02/12 02:32:38
2341300018,臺南市龍崎區衛生所,臺南市龍崎區崎頂里新市子１５８號,(06)5941397,22,210,2020/02/12 02:32:38
2342130010,高雄市田寮區衛生所,高雄市田寮區南安里崗北路３２號,(07)6361504,12,188,2020/02/12 02:32:38
2342180010,高雄市永安區衛生所,高雄市永安區永安路２６號,(07)6912015,0,16,2020/02/12 02:32:38
2342250017,高雄市茂林區衛生所,高雄市茂林區茂林里茂林巷８－４號,(07)6801046,598,200,2020/02/12 02:32:38
2342260013,高雄市桃源區衛生所,高雄市桃源區桃源里南進巷１８８－１號,(07)6861126,734,226,2020/02/12 02:32:38
2342270019,高雄市那瑪夏區衛生所,高雄市那瑪夏區瑪雅里６鄰平和巷２５２號,(07)6701142,406,98,2020/02/12 02:32:38
2343240015,屏東縣滿州鄉衛生所,屏東縣滿州鄉滿州村中山路３１號,(08)8801279,24,88,2020/02/12 02:32:38
2343260017,屏東縣三地門鄉衛生所,屏東縣三地門鄉三地村行政街４號,(08)7991284,760,236,2020/02/12 02:32:38
2343270013,屏東縣霧台鄉衛生所,屏東縣霧台鄉霧台村神山巷６８號,(08)7902232,1115,315,2020/02/12 02:32:38
2343280019,屏東縣瑪家鄉衛生所,屏東縣瑪家鄉北葉村風景巷８６號,(08)7991164,0,102,2020/02/12 02:32:38
2343290015,屏東縣泰武鄉衛生所,屏東縣泰武鄉佳平村１７９號,(08)7832059,786,234,2020/02/12 02:32:38
2343300016,屏東縣來義鄉衛生所,屏東縣來義鄉古樓村中正路９０號,(08)7850103,804,246,2020/02/12 02:32:38
2343320018,屏東縣獅子鄉衛生所,屏東縣獅子鄉楓林村楓林二巷３１號,(08)8771324,764,238,2020/02/12 02:32:38
2343330014,屏東縣牡丹鄉衛生所,屏東縣牡丹鄉石門村１９號,(08)8831013,568,178,2020/02/12 02:32:38
2344011036,澎湖縣馬公市第三衛生所,澎湖縣馬公市西文里１１８之２號,(06)9211723,124,168,2020/02/12 02:32:38
2344030013,澎湖縣白沙鄉衛生所,澎湖縣白沙鄉赤崁村３５９號,(06)9931044,26,80,2020/02/12 02:32:38
2344030022,澎湖縣白沙鄉鳥嶼衛生所,澎湖縣白沙鄉鳥嶼村漁港新村３號,(06)9916092,364,184,2020/02/12 02:32:38
2344030031,澎湖縣白沙鄉吉貝衛生所,澎湖縣白沙鄉吉貝村８－１３號,(06)9911430,416,196,2020/02/12 02:32:38
2344050015,澎湖縣望安鄉衛生所,澎湖縣望安鄉西安村３６－７號,(06)9991036,150,240,2020/02/12 02:32:38
2344050024,澎湖縣望安鄉將軍衛生所,澎湖縣望安鄉將軍村１２鄰將軍澳１之３號,(06)9902066,668,258,2020/02/12 02:32:38
2344060011,澎湖縣七美鄉衛生所,澎湖縣七美鄉中和村埔內５４號,(06)9971005,2,162,2020/02/12 02:32:38
2345100014,花蓮縣富里鄉衛生所,花蓮縣富里鄉富里村中山路２０３號,(03)8831029,1,106,2020/02/12 02:32:38
2345120016,花蓮縣萬榮鄉衛生所,花蓮縣萬榮鄉萬榮村１２號,(03)8751651,121,153,2020/02/12 02:32:38
2345130012,花蓮縣卓溪鄉衛生所,花蓮縣卓溪鄉卓溪村中正路６５號,(03)8882592,77,97,2020/02/12 02:32:38
2346050013,台東縣大武鄉衛生所,台東縣大武鄉大武村濱海路１００號,(089)791325,12,80,2020/02/12 02:32:38
2346070015,臺東縣東河鄉衛生所,臺東縣東河鄉東河村南東河路１０鄰３００號,(089)896289,9,144,2020/02/12 02:32:38
2346110014,台東縣綠島鄉衛生所,台東縣綠島鄉中寮村１－１號,(089)672511,0,123,2020/02/12 02:32:38
2346120010,台東縣延平鄉衛生所,台東縣延平鄉桃源村昇平路１１號,(089)561040,381,146,2020/02/12 02:32:38
2346130016,台東縣海端鄉衛生所,台東縣海端鄉海端村３鄰２９號,(089)931391,0,74,2020/02/12 02:32:38
2346140012,台東縣達仁鄉衛生所,台東縣達仁鄉安朔村復興路１２２號,(089)702209,644,232,2020/02/12 02:32:38
2346150018,台東縣金峰鄉衛生所,台東縣金峰鄉賓茂村１鄰１４號,(089)772201,594,182,2020/02/12 02:32:38
2346160014,台東縣蘭嶼鄉衛生所,台東縣蘭嶼鄉紅頭村３６號,(089)732575,756,250,2020/02/12 02:32:38
2390040518,金門縣金寧鄉衛生所,金門縣金寧鄉盤山村仁愛新屯２之１號,(082)325735,0,14,2020/02/12 02:32:38
2390050032,金門縣烈嶼鄉衛生所,金門縣烈嶼鄉西口村西方６－５號,(082)362078,0,50,2020/02/12 02:32:38
2391020010,連江縣北竿鄉衛生所,連江縣北竿鄉塘岐村２５號,(083)655592,178,138,2020/02/12 02:32:38
2391030016,連江縣莒光鄉西莒衛生所,連江縣莒光鄉青帆村１４－１號,(083)689122,966,268,2020/02/12 02:32:38
2391030026,連江縣莒光鄉東莒衛生所,連江縣莒光鄉大坪村３０－１號,(083)689038,913,278,2020/02/12 02:32:38
2391040012,連江縣東引鄉衛生所,連江縣東引鄉中柳村１２３號,(083)677206,698,266,2020/02/12 02:32:38
5901010058,安郁藥局,台北市松山區八德路３段１２巷５１弄１６號１樓,(02)25774551,0,58,2020/02/12 02:32:38
5901010076,榮星藥局,台北市松山區南京東路４段１３３巷５弄１號,(02)27124696,0,1,2020/02/12 02:32:38
5901010085,安世藥局,台北市松山區南京東路４段１３３巷５弄９號,(02)27133405,0,2,2020/02/12 02:32:38
5901010094,明一藥局,台北市松山區南京東路５段５９巷２８弄２５號１樓,(02)27691654,1,54,2020/02/12 02:32:38
5901010165,傑安藥局,台北市松山區八德路２段４３７巷７弄８號１樓,(02)27524155,0,56,2020/02/12 02:32:38
5901010174,仁弘藥局,台北市松山區民生東路３段１１３巷２５弄６號１樓,(02)27136764,1,41,2020/02/12 02:32:38
5901010192,益華藥局,台北市松山區民生東路５段１３８巷６號,(02)27624898,0,24,2020/02/12 02:32:38
5901010272,德靈藥局,台北市松山區富錦街５４８號,(02)27646998,0,72,2020/02/12 02:32:38
5901010290,健全藥局,台北市松山區民權東路３段１０３巷２０號,(02)27128293,0,46,2020/02/12 02:32:38
5901010496,瑞昌大藥局,台北市松山區民權東路３段１０３巷１０號,(02)27151881,0,62,2020/02/12 02:32:38
5901010576,合生藥局,台北市松山區南京東路５段１２３巷４５號１樓,(02)27602932,0,20,2020/02/12 02:32:38
5901011662,上允藥局,台北市松山區民生東路５段７８號,(02)27696905,0,128,2020/02/12 02:32:38
5901011699,建東大藥局,台北市松山區三民路９７號１樓,(02)27676237,6,76,2020/02/12 02:32:38
5901011733,和諧藥局,台北市松山區民生東路５段１４８號２樓,(02)27568580,0,92,2020/02/12 02:32:38
5901011760,延壽藥局,台北市松山區延壽街３２７號,(02)27685159,0,116,2020/02/12 02:32:38
5901011975,萬泰藥局,台北市松山區敦化北路２２２巷３８號,(02)27135891,0,28,2020/02/12 02:32:38
5901012203,博荃藥局,台北市松山區敦化北路４巷５１號,(02)27316736,0,48,2020/02/12 02:32:38
5901012383,德川中西藥局,台北市松山區八德路４段９６號,(02)27683399,0,114,2020/02/12 02:32:38
5901012409,家音藥局,台北市松山區民生東路５段７３號,(02)37652080,0,26,2020/02/12 02:32:38
5901012454,敦北藥局,台北市松山區民生東路４段８０巷５號,(02)27155691,0,68,2020/02/12 02:32:38
5901012490,中美藥局,台北市松山區富錦街５３１號,(02)27627468,0,39,2020/02/12 02:32:38
5901012507,康麗藥局,台北市松山區南京東路３段３０３巷２０號,(02)27174117,0,20,2020/02/12 02:32:38
5901012516,惠登藥局,台北市松山區民生東路３段１３０巷３４號,(02)25472432,0,54,2020/02/12 02:32:38
5901012561,松田藥局,台北市松山區延吉街９－６號,(02)25798005,0,68,2020/02/12 02:32:38
5901012570,予志藥局,台北市松山區富錦街５２１號,(02)27623522,0,2,2020/02/12 02:32:38
5901012598,婕登藥局,台北市松山區八德路４段６９９號,(02)27482893,0,17,2020/02/12 02:32:38
5901012632,晨安藥局,台北市松山區八德路３段１５５巷２０弄２號,(02)25798460,0,57,2020/02/12 02:32:38
5901012650,銘德藥局,台北市松山區八德路２段３６６巷２８號,(02)27511833,0,68,2020/02/12 02:32:38
5901012669,政昇藥局,台北市松山區南京東路５段３５６號１３樓,(02)27560286,0,148,2020/02/12 02:32:38
5901012749,躍獅松和藥局,台北市松山區八德路四段６６６－１號,(02)27492569,0,78,2020/02/12 02:32:38
5901012758,京東藥局,台北市松山區南京東路五段２７２號,(02)27679503,0,50,2020/02/12 02:32:38
5901012767,晨新藥局,台北市松山區八德路４段９１巷１－１號,(02)27422951,0,40,2020/02/12 02:32:38
5901012963,綠之家藥局,台北市松山區延壽街４２８號,(02)25289595,4,26,2020/02/12 02:32:38
5901013004,德安藥局,台北市松山區八德路３段１９５號２樓,(02)25782670,0,98,2020/02/12 02:32:38
5901013095,康采藥局,台北市松山區南京東路５段２９１巷１７－２號,(02)27670271,0,60,2020/02/12 02:32:38
5901013120,誠康中西藥局,台北市松山區南京東路５段５９巷３１弄４３號,(02)27619679,0,54,2020/02/12 02:32:38
5901013139,慶昌藥局,台北市松山區延吉街２９號,(02)25770820,0,31,2020/02/12 02:32:38
5901013157,西松健康人生藥局,台北市松山區南京東路５段２９１巷７號,(02)27687807,0,38,2020/02/12 02:32:38
5901013200,專品南京藥局,台北市松山區南京東路４段７３號,(02)25147685,0,23,2020/02/12 02:32:38
5901013246,芝欣藥局,台北市松山區八德路３段１４８號,(02)25706677,0,50,2020/02/12 02:32:38
5901013264,佑翔藥局,台北市松山區民生東路５段９５號,(02)87875050,2,118,2020/02/12 02:32:38
5901013308,立赫敦北藥局,台北市松山區敦化北路２２２巷２０號,(02)27199277,0,26,2020/02/12 02:32:38
5901013326,富景藥局,台北市松山區三民路１４５號,(02)27455666,0,20,2020/02/12 02:32:38
5901013344,健康活力藥師藥局,台北市松山區民生東路５段２１９號,(02)27455556,0,70,2020/02/12 02:32:38
5901013362,啄木鳥藥局,台北市松山區八德路４段２０９號、２１１號（１、２層）,(02)27422413,0,16,2020/02/12 02:32:38
5901013371,玖田藥局,台北市松山區八德路４段６５５號,(02)27666578,0,124,2020/02/12 02:32:38
5901013380,澄馨藥局,台北市松山區三民路３７號,(02)27420159,0,44,2020/02/12 02:32:38
5901013399,一安正昇藥局,台北市松山區南京東路５段３４８號,(02)27680993,2,38,2020/02/12 02:32:38
5901013406,美優康藥局,台北市松山區民生東路４段１１７之１號,(02)27152319,0,66,2020/02/12 02:32:38
5901013433,杏一延吉藥局,臺北市松山區延吉街３２號,(02)25798450,0,20,2020/02/12 02:32:38
5901013442,松山八德藥局,臺北市松山區八德路２段４００號,(02)27782773,0,160,2020/02/12 02:32:38
5901013451,新德大藥局,臺北市松山區饒河街２０４號,(02)27673402,0,94,2020/02/12 02:32:38
5901013460,光點延新藥局,台北市松山區延壽街１０１號,(02)27667795,0,40,2020/02/12 02:32:38
5901013488,欣生藥局,臺北市松山區民生東路５段１３８巷１號,(02)27567611,4,134,2020/02/12 02:32:38
5901013497,民生盛康藥局,臺北市松山區民生東路５段２０４號,(02)27460758,12,60,2020/02/12 02:32:38
5901013504,杏一台北長庚藥局,臺北市松山區敦化北路１９９巷２弄３號,(02)25149463,0,28,2020/02/12 02:32:38
5901013513,立赫民生藥局,臺北市松山區民生東路４段６８號,(02)27139200,0,42,2020/02/12 02:32:38
5901013522,大樹松山藥局,臺北市松山區民生東路５段１０７號,(02)27562226,0,64,2020/02/12 02:32:38
5901020296,百立藥局,台北市大安區和平東路３段２２８巷６６號１樓,(02)27327211,0,132,2020/02/12 02:32:38
5901020303,宏恩藥局,台北市大安區大安路１段１８１號,(02)27000956,0,48,2020/02/12 02:32:38
5901020376,靜園藥局,台北市大安區和平東路２段１１８巷５７之１號,(02)27336390,2,48,2020/02/12 02:32:38
5901020385,延吉大藥局,台北市大安區延吉街１５３號１樓,(02)27819227,0,28,2020/02/12 02:32:38
5901020465,杏友藥局,台北市大安區復興南路２段１５１巷２５號,(02)27079451,0,34,2020/02/12 02:32:38
5901020563,施寶藥局,台北市大安區安東街５０－５號１樓,(02)27114175,0,10,2020/02/12 02:32:38
5901020590,燕福藥局,台北市大安區羅斯福路３段２８３巷１４弄１４號之３,(02)23627307,0,88,2020/02/12 02:32:38
5901020616,龍護大藥局,台北市大安區大安路１段２２４巷７號１Ｆ,(02)23250686,0,52,2020/02/12 02:32:38
5901020634,新廣生藥局,台北市大安區仁愛路４段３４號,(02)27071221,0,66,2020/02/12 02:32:38
5901020652,寶德藥局,台北市大安區樂利路１０５號１Ｆ,(02)27364240,0,42,2020/02/12 02:32:38
5901020661,泰佑藥局,台北市大安區安和路２段７２號１Ｆ,(02)27056841,0,44,2020/02/12 02:32:38
5901020670,杏安堂藥局,台北市大安區忠孝東路４段７７巷３０號１樓,(02)27517636,0,157,2020/02/12 02:32:38
5901020689,四維藥局,台北市大安區復興南路２段１５１巷４３號１樓,(02)27094222,22,112,2020/02/12 02:32:38
5901020698,羅斯福藥局,台北市大安區羅斯福路３段２８３巷９弄３號,(02)23699606,0,70,2020/02/12 02:32:38
5901020732,赫慶藥局,台北市大安區瑞安街２０８巷１１弄５號１樓,(02)27063497,0,56,2020/02/12 02:32:38
5901020787,吉成藥局,台北市大安區泰順街７號,(02)23636475,0,29,2020/02/12 02:32:38
5901020858,順天堂藥局,台北市大安區龍泉街９６號,(02)23627149,0,40,2020/02/12 02:32:38
5901020876,大興藥局,台北市大安區通化街３９巷５０弄１５號１樓,(02)27053369,0,42,2020/02/12 02:32:38
5901020901,辰安藥局,台北市大安區大安路１段３１巷２８號,(02)27119536,4,164,2020/02/12 02:32:38
5901021248,永誠藥局,台北市大安區忠孝東路４段２１６巷２５之１號,(02)27520273,0,2,2020/02/12 02:32:38
5901021346,正昌藥局,台北市大安區通化街３８巷９號１樓,(02)27540070,0,56,2020/02/12 02:32:38
5901021382,建如藥局,台北市大安區和平東路３段２２８巷１１號１Ｆ,(02)27331456,0,6,2020/02/12 02:32:38
5901021408,生百藥局,台北市大安區臨江街１２４號,(02)27371011,0,106,2020/02/12 02:32:38
5901022521,台安藥局,台北市大安區和平東路２段３５３號１樓,(02)27549099,0,52,2020/02/12 02:32:38
5901022601,生光藥局,台北市大安區忠孝東路３段２４８巷２號,(02)27780862,0,48,2020/02/12 02:32:38
5901022898,永康藥局,台北市大安區麗水街６之２號,(02)23279362,0,34,2020/02/12 02:32:38
5901023073,世中欣藥局,台北市大安區永康街２巷８號,(02)23938947,0,108,2020/02/12 02:32:38
5901023091,加豐藥局,台北市大安區忠孝東路３段２１６巷３弄１號１樓,(02)27219678,216,228,2020/02/12 02:32:38
5901023153,崇光藥局,台北市大安區忠孝東路３段３０５號７樓之３,(02)27217958,0,142,2020/02/12 02:32:38
5901023215,大愛健康藥局,台北市大安區敦化南路２段６３巷６５號,(02)27092156,0,150,2020/02/12 02:32:38
5901023304,麗樺藥師藥局,台北市大安區麗水街３號,(02)23952628,0,14,2020/02/12 02:32:38
5901023313,安和藥局,台北市大安區安和路１段１０２巷３號,(02)27092349,14,88,2020/02/12 02:32:38
5901023331,佑安藥局,台北市大安區延吉街２３３巷９號,(02)27069339,0,154,2020/02/12 02:32:38
5901023386,弘昇藥局,台北市大安區復興南路１段１０７巷３２號,(02)27110061,0,78,2020/02/12 02:32:38
5901023519,惠盈藥局,台北市大安區辛亥路２段１７１巷３１號,(02)87321366,0,64,2020/02/12 02:32:38
5901023523,聯合仁愛藥局,台北市大安區大安路１段１５７巷３號,(02)27039269,0,74,2020/02/12 02:32:38
5901023591,一心藥局,台北市大安區和平東路３段２３８號,(02)27321818,0,70,2020/02/12 02:32:38
5901023653,信安健康藥局,台北市大安區仁愛路４段１２２巷５８號,(02)27084858,0,19,2020/02/12 02:32:38
5901023680,新富川藥局,台北市大安區大安路１段５１巷４號,(02)27114758,0,92,2020/02/12 02:32:38
5901023706,聖英藥局,台北市大安區仁愛路４段２６６巷１５弄１８號,(02)27055851,0,112,2020/02/12 02:32:38
5901023724,元氣生活健保藥局,台北市大安區新生南路１段１６１巷１０號,(02)27060580,0,42,2020/02/12 02:32:38
5901023831,康乃馨藥局,台北市大安區建國南路１段３２７號,(02)23257097,0,44,2020/02/12 02:32:38
5901023886,世康藥局,台北市大安區延吉街２４６號,(02)27015758,22,10,2020/02/12 02:32:38
5901023902,惠良藥局,台北市大安區和平東路３段９３－１號,(02)27387872,0,64,2020/02/12 02:32:38
5901024098,杏一瑞安藥局,台北市大安區瑞安街２０８巷１１弄１號,(02)27096710,0,44,2020/02/12 02:32:38
5901024123,中山樂方藥局,台北市大安區仁愛路４段１１２巷１２號,(02)27050622,0,42,2020/02/12 02:32:38
5901024178,天康忠孝藥局,台北市大安區忠孝東路３段２２３－１號,(02)77137763,0,55,2020/02/12 02:32:38
5901024212,中力信義藥局,台北市大安區信義路４段５１號,(02)23250266,0,83,2020/02/12 02:32:38
5901024221,安居藥局,台北市大安區安居街１９號,(02)23773537,0,80,2020/02/12 02:32:38
5901024310,躍獅新生藥局,台北市大安區和平東路２段２０號,(02)23623367,0,26,2020/02/12 02:32:38
5901024347,博大藥局,台北市大安區安和路２段６５號,(02)27027858,0,36,2020/02/12 02:32:38
5901024427,博昱仁愛藥局,臺北市大安區仁愛路４段６５號,(02)87739258,0,4,2020/02/12 02:32:38
5901024472,忠孝康承健保藥局,台北市大安區復興南路１段１０７巷４號,(02)87733378,0,46,2020/02/12 02:32:38
5901024481,微笑藥師藥局,台北市大安區信義路３段３１巷４號,(02)27009655,0,12,2020/02/12 02:32:38
5901024525,國泰維康藥局,台北市大安區仁愛路４段２６６巷１５弄２０號,(02)27542185,0,64,2020/02/12 02:32:38
5901024543,奇威藥局,台北市大安區雲和街９３號,(02)23651110,0,36,2020/02/12 02:32:38
5901024632,艾登安和藥局,台北市大安區安和路１段１２３號,(02)27015201,0,52,2020/02/12 02:32:38
5901024669,百岳藥局,台北市大安區和平東路２段３１１巷１１號,(02)27551037,0,110,2020/02/12 02:32:38
5901024678,大安健康人生藥局,台北市大安區信義路４段３４號,(02)27025553,0,48,2020/02/12 02:32:38
5901024687,博昱大藥局,台北市大安區樂業街１４８號、１５０號,(02)23776199,0,1,2020/02/12 02:32:38
5901024696,仁華藥局,台北市大安區臥龍街１５５號,(02)27336762,0,108,2020/02/12 02:32:38
5901024703,吾家藥局,台北市大安區信義路４段２６５巷６之１號,(02)27066425,0,24,2020/02/12 02:32:38
5901024712,早安藥局,台北市大安區建國南路２段１５１巷４２號,(02)27002209,0,20,2020/02/12 02:32:38
5901024721,麗泰藥局,台北市大安區復興南路２段１５１巷４號,(02)27079595,0,42,2020/02/12 02:32:38
5901024758,兆安健保藥局,台北市大安區通化街１３９號,(02)27363069,0,53,2020/02/12 02:32:38
5901024767,杏一樂業藥局,台北市大安區樂業街１６２號,(02)27383194,0,58,2020/02/12 02:32:38
5901024810,博興藥局,台北市大安區四維路１９８巷２８號,(02)23256668,0,19,2020/02/12 02:32:38
5901024829,威康藥局,台北市大安區和平東路２段２５５之１號,(02)27061149,0,8,2020/02/12 02:32:38
5901024838,昶青藥局,台北市大安區濟南路３段２２之１號,(02)27515678,0,62,2020/02/12 02:32:38
5901024856,杏一台北國泰藥局,台北市大安區仁愛路４段２６６巷１５弄４號,(02)27011785,0,54,2020/02/12 02:32:38
5901024865,沛林東區生活藥粧藥局,台北市大安區敦化南路１段１８７巷１７號,(02)27763759,6,120,2020/02/12 02:32:38
5901024874,奇異果大安藥局,台北市大安區大安路１段１９０號,(02)23250891,0,26,2020/02/12 02:32:38
5901024883,躍獅敦和藥局,台北市大安區和平東路３段１０號,(02)23785767,0,22,2020/02/12 02:32:38
5901024892,太醫藥局,台北市大安區師大路１２號,(02)23685125,0,50,2020/02/12 02:32:38
5901024909,康維健保藥局,台北市大安區敦化南路１段３２９巷１５號,(02)27000120,0,60,2020/02/12 02:32:38
5901024918,康祥藥局,台北市大安區忠孝東路４段２１６巷２１號,(02)27817891,2,18,2020/02/12 02:32:38
5901090074,慈仁藥局,台北市大同區歸綏街２６１號１樓,(02)25572733,0,54,2020/02/12 02:32:38
5901090127,三銘大藥局,台北市大同區迪化街１段８０號,(02)25583392,0,42,2020/02/12 02:32:38
5901090154,柯藥局,台北市大同區重慶北路３段３３５巷６號,(02)25948515,0,42,2020/02/12 02:32:38
5901090181,時春藥局,台北市大同區赤峰街４號,(02)25597918,0,8,2020/02/12 02:32:38
5901090216,裕仁藥局,台北市大同區迪化街２段２７０號－１,(02)25910064,10,116,2020/02/12 02:32:38
5901090243,建祥藥局,台北市大同區寧夏路１７號、１７－１號,(02)25556476,0,53,2020/02/12 02:32:38
5901090289,正利民藥局,台北市大同區延平北路３段１０５號,(02)25924842,0,10,2020/02/12 02:32:38
5901090323,泰元藥局,台北市大同區哈密街９１號,(02)25914592,0,46,2020/02/12 02:32:38
5901090369,保慶藥局,台北市大同區保安街２１號,(02)25538988,0,22,2020/02/12 02:32:38
5901091473,快安藥局,台北市大同區南京西路２８２、２８４號,(02)25561925,12,22,2020/02/12 02:32:38
5901091544,得意藥師藥局,台北市大同區延平北路２段２２９號,(02)25534294,0,38,2020/02/12 02:32:38
5901091624,健康美藥局,台北市大同區民族西路１６５號,(02)25976707,0,26,2020/02/12 02:32:38
5901091688,宏泰藥師藥局,台北市大同區酒泉街１３１號,(02)25957025,0,34,2020/02/12 02:32:38
5901091759,儷安藥局,台北市大同區錦西街５３巷１６號,(02)25578033,0,20,2020/02/12 02:32:38
5901091839,春鄰藥局,台北市大同區長安西路３５號,(02)25492000,0,12,2020/02/12 02:32:38
5901091857,佳禾藥局,台北市大同區大龍街２６２號,(02)25953806,0,26,2020/02/12 02:32:38
5901091884,躍獅雙蓮藥局,台北市大同區涼州街４號,(02)25537551,0,36,2020/02/12 02:32:38
5901091973,延平新聖安藥局,台北市大同區延平北路３段３５號,(02)25923399,0,78,2020/02/12 02:32:38
5901091991,德芳藥局,台北市大同區民生西路９１號,(02)25576869,0,22,2020/02/12 02:32:38
5901092014,旭豐藥局,台北市大同區昌吉街９６號,(02)25853880,0,60,2020/02/12 02:32:38
5901092041,酒泉春天藥局,台北市大同區酒泉街９４號、９４號２樓,(02)25977932,0,40,2020/02/12 02:32:38
5901092050,中興聯合藥局,台北市大同區鄭州路１２７號（實際營業地址：１樓）,(02)25502952,0,32,2020/02/12 02:32:38
5901092069,躍獅遠東藥局,台北市大同區南京西路３７４號（實際營業地址：１樓）,(02)25594835,2,60,2020/02/12 02:32:38
5901092078,大同民生藥局,台北市大同區民生西路１２８，１３０號,(02)25558886,8,100,2020/02/12 02:32:38
5901100066,名祥藥局,台北市中山區龍江路１６６號,(02)25036265,0,92,2020/02/12 02:32:38
5901100155,大信藥局,台北市中山區林森北路１５９巷６號,(02)25719080,0,154,2020/02/12 02:32:38
5901100244,定好大藥局,台北市中山區農安街１２５巷３４號,(02)25946788,0,86,2020/02/12 02:32:38
5901100333,明美藥局,台北市中山區長春路６９號,(02)25365419,18,76,2020/02/12 02:32:38
5901100342,順泰藥局,台北市中山區錦州街２６６號,(02)25038916,0,102,2020/02/12 02:32:38
5901100422,滿順藥局,台北市中山區伊通街５４號１樓,(02)25075283,0,2,2020/02/12 02:32:38
5901100431,長生藥局,台北市中山區松江路３６２巷５５號１樓,(02)25816210,0,108,2020/02/12 02:32:38
5901100440,優豐藥局,台北市中山區民生東路１段３２號,(02)25602565,0,64,2020/02/12 02:32:38
5901100495,能康藥局,台北市中山區長春路４６號,(02)25429426,0,36,2020/02/12 02:32:38
5901100628,貢玄藥局,台北市中山區錦州街２０７號,(02)25637847,0,62,2020/02/12 02:32:38
5901100664,阿里藥局,台北市中山區錦州街２５１號,(02)25020638,8,96,2020/02/12 02:32:38
5901100717,榮昌藥局,台北市中山區雙城街１７－３號,(02)25964593,0,88,2020/02/12 02:32:38
5901100735,華友藥局,台北市中山區龍江路３５６巷２７號－１,(02)25007159,0,20,2020/02/12 02:32:38
5901100771,良佑藥局,台北市中山區撫順街６－２號１樓,(02)25916402,0,60,2020/02/12 02:32:38
5901100799,立大藥局,台北市中山區吉林路１４４巷１４號,(02)25313844,0,94,2020/02/12 02:32:38
5901100959,武璋大藥局,台北市中山區伊通街９７號之２,(02)25072026,1,49,2020/02/12 02:32:38
5901101072,長青藥局,台北市中山區興安街５５號１樓,(02)25053160,0,34,2020/02/12 02:32:38
5901101161,晏晟藥局,台北市中山區林森北路６２５號,(02)25851445,0,28,2020/02/12 02:32:38
5901101250,美日藥局,台北市中山區天津街６６號１樓,(02)25631662,0,52,2020/02/12 02:32:38
5901101321,文德藥局,台北市中山區龍江路３５６巷１９號１樓,(02)25181178,0,122,2020/02/12 02:32:38
5901101509,永直藥局,台北市中山區北安路５９５巷２弄６號,(02)85098059,0,64,2020/02/12 02:32:38
5901101536,展佑藥局,台北市中山區長春路１４６－１號,(02)25232803,6,30,2020/02/12 02:32:38
5901101607,蓁榛健康生活藥局,台北市中山區合江街１００－２號１樓,(02)25099333,0,84,2020/02/12 02:32:38
5901101625,中崙藥局,台北市中山區八德路２段３０７號,(02)27114971,0,44,2020/02/12 02:32:38
5901101652,祥泰藥局,台北市中山區林森北路１３６號,(02)25313097,0,106,2020/02/12 02:32:38
5901101910,嘉恩藥局,台北市中山區錦州街３２１號,(02)25181418,2,26,2020/02/12 02:32:38
5901101929,樂活苑藥局,台北市中山區北安路５４６號１樓,(02)25323296,0,8,2020/02/12 02:32:38
5901101992,大愛藥師藥局,台北市中山區吉林路２５５號１樓,(02)25424723,0,100,2020/02/12 02:32:38
5901102015,久大藥局,台北市中山區林森北路４８０號,(02)25111594,4,62,2020/02/12 02:32:38
5901102060,專心藥局,台北市中山區伊通街１１２－２號,(02)25155847,0,62,2020/02/12 02:32:38
5901102417,民生興安藥局,台北市中山區民生東路３段９０－１號,(02)25018310,2,38,2020/02/12 02:32:38
5901102444,啟美藥師藥局,台北市中山區錦州街２８２號,(02)25178032,0,50,2020/02/12 02:32:38
5901102560,龍江藥局,台北市中山區龍江路３５６巷１４號,(02)25023724,0,44,2020/02/12 02:32:38
5901102579,晴光藥局,台北市中山區農安街２３之２號,(02)25951393,0,80,2020/02/12 02:32:38
5901102597,德惠藥局,台北市中山區德惠街１２２號,(02)25971131,0,126,2020/02/12 02:32:38
5901102631,金生藥局,台北市中山區長安東路２段１６７－１號,(02)87729808,0,72,2020/02/12 02:32:38
5901102677,興康源藥局,台北市中山區中山北路１段１４０巷８號,(02)25311248,0,2,2020/02/12 02:32:38
5901102686,富宥康藥局,臺北市中山區北安路６０８巷５弄２２號,(02)25325277,0,76,2020/02/12 02:32:38
5901102748,淮濟藥師藥局,台北市中山區北安路５７０號〈實際營業地址：１樓及地下１樓〉,(02)85098636,0,60,2020/02/12 02:32:38
5901102828,逸帆藥局,台北市中山區錦州街１８９號,(02)25222323,0,55,2020/02/12 02:32:38
5901102837,正傑健保藥局,台北市中山區長安東路２段１８１號,(02)27310181,0,88,2020/02/12 02:32:38
5901102855,錦西春天生活藥局,台北市中山區錦西街１０號,(02)25312658,0,20,2020/02/12 02:32:38
5901102873,盛康藥局,台北市中山區吉林路３９９號,(02)25969580,0,24,2020/02/12 02:32:38
5901102962,中興藥局,台北市中山區長安東路２段２２６號,(02)27774628,0,71,2020/02/12 02:32:38
5901102971,保德明水藥局,台北市中山區北安路６０８巷４弄１號,(02)85097769,0,26,2020/02/12 02:32:38
5901102999,廣福中西藥局,台北市中山區錦州街４０６號,(02)25189489,2,80,2020/02/12 02:32:38
5901103030,錦康活力藥局,台北市中山區民生東路２段１４７巷１１弄１號地下,(02)25158282,11,52,2020/02/12 02:32:38
5901103110,大直健康藥局,台北市中山區北安路５９１號,(02)25323310,0,24,2020/02/12 02:32:38
5901103147,娸淇藥局,台北市中山區伊通街９５號,(02)25082762,0,44,2020/02/12 02:32:38
5901103183,OK藥師藥局,台北市中山區興安街９５號,(02)25170068,6,54,2020/02/12 02:32:38
5901103192,昶青林森藥局,台北市中山區林森北路１１９巷５２號,(02)25639939,0,94,2020/02/12 02:32:38
5901103209,麗恩藥局,台北市中山區林森北路５７５之５號,(02)25981982,0,96,2020/02/12 02:32:38
5901103227,建誠中西藥局,台北市中山區龍江路３８５之１號,(02)25158608,2,36,2020/02/12 02:32:38
5901103236,誠意中西藥局,台北市中山區林森北路６１３號,(02)25950951,0,72,2020/02/12 02:32:38
5901103272,長安藥局,台北市中山區長安東路２段１７１－３號,(02)27772740,0,66,2020/02/12 02:32:38
5901103325,仁一藥局,台北市中山區林森北路５２０號,(02)25711742,10,70,2020/02/12 02:32:38
5901103334,大直小太陽藥局,台北市中山區北安路６０７之１號,(02)85093208,0,86,2020/02/12 02:32:38
5901103343,王中興藥局,台北市中山區龍江路２７３號,(02)25034281,0,52,2020/02/12 02:32:38
5901103352,美康正康藥局,台北市中山區北安路６１６之１號、６１８號２樓之１,(02)25323077,0,49,2020/02/12 02:32:38
5901103405,大直永安藥局,台北市中山區北安路５６７之２號,(02)25332125,0,56,2020/02/12 02:32:38
5901103414,元宏藥局,台北市中山區北安路４５８巷４１弄４９號,(02)25339728,1,78,2020/02/12 02:32:38
5901103423,農安藥局,台北市中山區農安街１８之１號,(02)25959293,5,104,2020/02/12 02:32:38
5901103450,東東藥局,台北市中山區長春路２５７之２號,(02)25031730,4,106,2020/02/12 02:32:38
5901103469,聖晨藥局,台北市中山區農安街１４０號,(02)25960359,0,96,2020/02/12 02:32:38
5901103487,錦州春天生活藥局,台北市中山區錦州街２１３號、２１３號２樓,(02)25213586,4,24,2020/02/12 02:32:38
5901103496,杏一龍錦藥局,台北市中山區龍江路２６４號,(02)25174618,0,34,2020/02/12 02:32:38
5901103512,大樹龍江藥局,台北市中山區龍江路２４２號,(02)25035666,0,78,2020/02/12 02:32:38
5901103521,中華藥局,台北市中山區農安街４５之１號,(02)25997888,0,131,2020/02/12 02:32:38
5901103530,農安盛康藥局,台北市中山區農安街２６７號,(02)25038205,0,52,2020/02/12 02:32:38
5901103549,康廷藥局,台北市中山區北安路６１１號,(02)25335890,0,42,2020/02/12 02:32:38
5901103558,佳頤中西藥局,台北市中山區長春路１４７之１號,(02)25641479,0,40,2020/02/12 02:32:38
5901103576,康銓藥局,台北市中山區農安街１７４號,(02)25039393,12,40,2020/02/12 02:32:38
5901103585,禾全藥局,台北市中山區龍江路３３２號,(02)25165721,0,26,2020/02/12 02:32:38
5901110080,葛蘭素藥局,台北市內湖區內湖路２段１０３巷１２８號１樓,(02)27997824,0,118,2020/02/12 02:32:38
5901110133,泰成藥局,台北市內湖區內湖路３段１３５號１樓,(02)27921231,0,36,2020/02/12 02:32:38
5901110302,富盛藥局,台北市內湖區成功路４段６１巷２５弄１２號１樓,(02)27908667,0,36,2020/02/12 02:32:38
5901110311,永安藥局,台北市內湖區文德路２１０巷３０弄４８號,(02)26586658,2,26,2020/02/12 02:32:38
5901110393,明湖藥局,台北市內湖區東湖路７巷２７號１Ｆ,(02)26313515,0,26,2020/02/12 02:32:38
5901111890,安康藥局,台北市內湖區安康路４８２號,(02)26327675,6,16,2020/02/12 02:32:38
5901112011,文新藥局,台北市內湖區文湖街７－５號１樓,(02)87978865,0,6,2020/02/12 02:32:38
5901112100,盧狄聯合藥局,台北市內湖區康寧路３段１８９巷５７號,(02)26308897,0,90,2020/02/12 02:32:38
5901112351,康信藥局,台北市內湖區民權東路６段２９６巷２９號,(02)26342088,0,20,2020/02/12 02:32:38
5901112413,維安藥局,台北市內湖區成功路３段１７４巷２３號,(02)27944520,0,72,2020/02/12 02:32:38
5901112593,康健藥局,台北市內湖區康樂街８０號,(02)26305825,0,24,2020/02/12 02:32:38
5901112600,匯安藥局,台北市內湖區內湖路１段７０３之１號,(02)26579255,0,38,2020/02/12 02:32:38
5901112682,富康東湖藥局,台北市內湖區東湖路１１９巷４９弄１６號,(02)26323222,2,8,2020/02/12 02:32:38
5901112726,高昱藥局,台北市內湖區陽光街３２１巷２６號２樓之１５,(02)87519962,0,58,2020/02/12 02:32:38
5901112762,樂活藥師藥局,台北市內湖區內湖路２段３６８號,(02)27968052,4,0,2020/02/12 02:32:38
5901112780,樂康藥妝藥局,台北市內湖區文德路１１７號,(02)26562110,0,46,2020/02/12 02:32:38
5901112824,思恩藥局,台北市內湖區成功路４段６１巷２６號,(02)27965808,0,4,2020/02/12 02:32:38
5901112842,早安元氣藥局,台北市內湖區成功路４段５３號１樓,(02)27925994,0,40,2020/02/12 02:32:38
5901112860,展恩藥局,台北市內湖區民權東路６段１３６巷４號,(02)27953041,0,12,2020/02/12 02:32:38
5901112879,壹零捌藥局,台北市內湖區成功路４段３４４號,(02)27910061,0,7,2020/02/12 02:32:38
5901112977,瑞光藥局,台北市內湖區瑞光路２１２號,(02)87513365,0,8,2020/02/12 02:32:38
5901112995,昇龍藥局,台北市內湖區東湖路１５１號,(02)26316783,0,28,2020/02/12 02:32:38
5901113018,桔子藥局,台北市內湖區內湖路２段３３３號,(02)27930052,0,38,2020/02/12 02:32:38
5901113027,晟安藥局,台北市內湖區金龍路１３５號,(02)87919320,0,62,2020/02/12 02:32:38
5901113045,西湖藥局,台北市內湖區內湖路１段３５５號,(02)26279291,0,6,2020/02/12 02:32:38
5901113081,宜昇優良藥局,台北市內湖區康寧路３段１６５巷２３弄５號,(02)26327817,0,42,2020/02/12 02:32:38
5901113143,躍獅寶湖藥局,台北市內湖區民權東路６段１２３巷２８號,(02)87928335,0,64,2020/02/12 02:32:38
5901113198,傑昇藥局,台北市內湖區內湖路２段２２７號,(02)27925957,0,52,2020/02/12 02:32:38
5901113223,仕德安藥局,台北市內湖區新明路２１０號,(02)27961683,0,10,2020/02/12 02:32:38
5901113250,大內湖藥局,台北市內湖區成功路４段１２號,(02)27956286,0,46,2020/02/12 02:32:38
5901113269,樂齡藥師藥局,台北市內湖區內湖路３段１０３號,(02)27919707,0,47,2020/02/12 02:32:38
5901113296,喜越藥局,台北市內湖區內湖路１段２８５巷５９弄７號,(02)26271955,0,8,2020/02/12 02:32:38
5901113330,躍獅大湖藥局,台北市內湖區成功路４段３２９號,(02)27945376,0,92,2020/02/12 02:32:38
5901113349,澴山藥局,台北市內湖區環山路１段４號,(02)87978793,0,24,2020/02/12 02:32:38
5901113367,瑞暉藥局,台北市內湖區文德路１０５號,(02)26276828,0,10,2020/02/12 02:32:38
5901113376,內湖藥局,台北市內湖區康寧路１段１１６號,(02)27940545,0,150,2020/02/12 02:32:38
5901113385,躍獅康成藥局,台北市內湖區成功路４段６１巷１１號,(02)87922031,0,58,2020/02/12 02:32:38
5901113394,富康文德藥局,台北市內湖區文德路２２巷２７弄４號,(02)26272000,0,32,2020/02/12 02:32:38
5901113438,晶龍藥局,台北市內湖區成功路４段２１８號,(02)27956255,0,42,2020/02/12 02:32:38
5901113509,安安藥局,台北市內湖區康寧路１段４２號,(02)87912187,0,10,2020/02/12 02:32:38
5901113527,杏一港墘藥局,台北市內湖區港墘路８３號,(02)87978746,0,30,2020/02/12 02:32:38
5901113536,原大藥局,台北市內湖區內湖路１段７３７巷５０弄５號,(02)26596358,0,16,2020/02/12 02:32:38
5901113545,和康健保藥局,台北市內湖區文德路６６巷４１號,(02)27997202,0,28,2020/02/12 02:32:38
5901113554,葫光藥局,台北市內湖區康寧路３段５４巷６號,(02)26336611,0,4,2020/02/12 02:32:38
5901113563,耀元藥局,台北市內湖區康樂街１５０號,(02)26337369,0,20,2020/02/12 02:32:38
5901120139,裕成藥局,台北市南港區玉成街１６６巷１３號,(02)27851227,0,110,2020/02/12 02:32:38
5901120175,新錦安藥局,台北市南港區南港路３段３４號,(02)27825218,0,12,2020/02/12 02:32:38
5901120184,仁泰藥局,台北市南港區同德路２８號,(02)27855464,0,131,2020/02/12 02:32:38
5901121421,祥安藥局,台北市南港區中坡南路２５號,(02)26547322,10,96,2020/02/12 02:32:38
5901121449,麗康藥局,台北市南港區同德路５１號,(02)26515236,0,69,2020/02/12 02:32:38
5901121501,親親藥局,台北市南港區玉成街１４０巷７號１樓,(02)26537635,0,64,2020/02/12 02:32:38
5901121574,上丞藥師藥局,台北市南港區成福路１０號１樓,(02)26535589,6,106,2020/02/12 02:32:38
5901121583,健園藥局,台北市南港區研究院路１段１９號１樓,(02)27851567,0,18,2020/02/12 02:32:38
5901121592,忠孝藥局,台北市南港區成福路１６號,(02)27862829,0,70,2020/02/12 02:32:38
5901121618,新東發藥局,台北市南港區成福路１９８號,(02)27855190,0,28,2020/02/12 02:32:38
5901121627,富康活力藥局,台北市南港區研究院路１段１０１巷８號,(02)27828810,0,8,2020/02/12 02:32:38
5901121672,亞博藥師藥局,台北市南港區興華路８１號,(02)27838090,0,18,2020/02/12 02:32:38
5901121725,佳龍藥局,台北市南港區研究院路２段８０號,(02)27885951,0,10,2020/02/12 02:32:38
5901121798,進慧藥局,台北市南港區研究院路１段１６３號,(02)27887049,0,72,2020/02/12 02:32:38
5901121823,儀安健保藥局,台北市南港區同德路７４號,(02)27859893,0,40,2020/02/12 02:32:38
5901121850,健涵藥局,台北市南港區舊莊街１段１４７號,(02)27837285,0,10,2020/02/12 02:32:38
5901121869,南港藥局,台北市南港區南港路一段１６６號,(02)27829137,2,64,2020/02/12 02:32:38
5901121896,順翔藥局,台北市南港區研究院路２段１７０號,(02)27824332,1,60,2020/02/12 02:32:38
5901121903,景星藥局,台北市南港區南港路３段２６號,(02)27838816,0,30,2020/02/12 02:32:38
5901121912,成恩藥局,台北市南港區成福路２３號,(02)27856602,9,94,2020/02/12 02:32:38
5901121930,小藥師健保藥局,台北市南港區福德街３２０之１號,(02)27867002,0,36,2020/02/12 02:32:38
5901121958,心亮藥局,台北市南港區玉成街６６之７號,(02)27881677,0,20,2020/02/12 02:32:38
5901121976,杏安藥局,台北市南港區昆陽街１４０巷１６號,(02)27864119,0,40,2020/02/12 02:32:38
5901121985,勝安藥局,台北市南港區舊莊街１段１６５號,(02)27828450,13,168,2020/02/12 02:32:38
5901122026,杏一中坡藥局,台北市南港區中坡南路３３號、３５號,(02)27827418,2,114,2020/02/12 02:32:38
5901122035,成福大藥局,臺北市南港區成福路８號,(02)27859221,0,76,2020/02/12 02:32:38
5901150011,南風藥局,台北市士林區美崙街１９號１樓,(02)28320375,0,52,2020/02/12 02:32:38
5901150057,菁安藥局,台北市士林區美侖街１３號１樓,(02)28323951,0,10,2020/02/12 02:32:38
5901150128,新興藥局,台北市士林區德行西路１１７號,(02)28362643,6,41,2020/02/12 02:32:38
5901150146,坤成泰藥局,台北市士林區大南路４１２號,(02)28813903,0,57,2020/02/12 02:32:38
5901150244,佳赫藥局,台北市士林區文昌路４４號,(02)28367202,0,38,2020/02/12 02:32:38
5901150253,文祥藥局,台北市士林區光華路２６巷２弄２號,(02)28623487,0,162,2020/02/12 02:32:38
5901150271,建芳藥局,台北市士林區德行東路１４８號,(02)28357172,18,0,2020/02/12 02:32:38
5901150280,慈航藥局,台北市士林區文林路４４１號,(02)28815988,0,14,2020/02/12 02:32:38
5901150342,士林三安藥局,台北市士林區大南路１１號,(02)28812631,0,166,2020/02/12 02:32:38
5901150351,啟宏藥局,台北市士林區大東路９０－１號１樓,(02)28825811,0,80,2020/02/12 02:32:38
5901150397,博惠藥局,台北巿士林區華榮街１６號,(02)28320379,0,128,2020/02/12 02:32:38
5901150459,有德堂大藥局,台北市士林區中山北路６段２２７號,(02)28318387,28,130,2020/02/12 02:32:38
5901150468,太安藥局,台北市士林區延平北路５段１５７號,(02)28111468,0,48,2020/02/12 02:32:38
5901150511,三原藥局,台北市士林區延平北路５段２９３號,(02)28111888,0,56,2020/02/12 02:32:38
5901150548,田倉藥局,台北市士林區士東路１２４號,(02)88662188,0,66,2020/02/12 02:32:38
5901150575,日康藥局,台北市士林區士東路１２號１樓,(02)28358558,0,36,2020/02/12 02:32:38
5901150593,安寧藥局,台北市士林區劍潭路９１號,(02)28803319,2,34,2020/02/12 02:32:38
5901150600,環安藥局,台北市士林區大南路２４４號１樓,(02)28828478,0,6,2020/02/12 02:32:38
5901150682,加赫藥局,台北市士林區文昌路７６號,(02)28336362,0,16,2020/02/12 02:32:38
5901150762,麗森藥局,台北市士林區天母西路５１號,(02)28714152,0,26,2020/02/12 02:32:38
5901150771,天母大和藥師藥局,台北市士林區德行東路１８９－１號１樓,(02)28310142,0,30,2020/02/12 02:32:38
5901150815,陽明藥局,台北市士林區菁山路１０號１樓,(02)28612863,0,58,2020/02/12 02:32:38
5901151956,康鈺藥局,台北市士林區德行東路１３３號１樓,(02)28313915,0,60,2020/02/12 02:32:38
5901152051,士新藥局,台北市士林區文昌路６２號,(02)28331332,0,62,2020/02/12 02:32:38
5901152079,資生堂藥局,台北市士林區承德路４段４０巷１７號１Ｆ,(02)28857588,2,44,2020/02/12 02:32:38
5901152122,社子全民藥局,台北市士林區延平北路５段１２０號,(02)28127412,0,122,2020/02/12 02:32:38
5901152131,康華藥局,台北市士林區中山北路７段１４巷２號２樓,(02)28743223,0,70,2020/02/12 02:32:38
5901152186,詠恩藥局,台北市士林區延平北路５段３１６號１樓,(02)28119479,0,74,2020/02/12 02:32:38
5901152293,安泰藥師藥局,台北市士林區延平北路六段８３號（實際使用：１、２樓）,(02)28166977,0,24,2020/02/12 02:32:38
5901152453,家赫藥局,台北市士林區忠義街８０號１樓,(02)28346453,0,2,2020/02/12 02:32:38
5901152471,得安藥局,台北市士林區文林路１４０號,(02)28836336,0,116,2020/02/12 02:32:38
5901152604,達揚藥局,台北市士林區社正路３６號１樓,(02)88115559,0,27,2020/02/12 02:32:38
5901152640,仁大藥局,台北市士林區社子街１３號１樓,(02)88113793,0,92,2020/02/12 02:32:38
5901152686,三光藥局,台北市士林區延平北路５段３２０號１樓,(02)28123786,0,92,2020/02/12 02:32:38
5901152720,博信藥局,台北市士林區延平北路６段６１號,(02)28128295,0,14,2020/02/12 02:32:38
5901152739,芳圓藥局,台北市士林區社子街２６－１號,(02)28168666,0,56,2020/02/12 02:32:38
5901152748,柏雅大藥局,台北市士林區德行西路６４號,(02)88664398,0,26,2020/02/12 02:32:38
5901152793,信光藥局,台北市士林區文昌路６８號,(02)28366277,0,74,2020/02/12 02:32:38
5901152837,文昌大藥局,台北市士林區文昌路７２號,(02)28376196,0,72,2020/02/12 02:32:38
5901152873,幸福藥局,台北市士林區德行東路１０９巷８號,(02)28346650,0,22,2020/02/12 02:32:38
5901152882,天爵藥局,台北市士林區中山北路６段４５０巷１號,(02)28733759,0,72,2020/02/12 02:32:38
5901152971,石川藥師藥局,台北市士林區忠義街７０號,(02)28385850,0,16,2020/02/12 02:32:38
5901153058,誼安藥局,台北市士林區通河街４２號,(02)28851899,0,72,2020/02/12 02:32:38
5901153101,聖賢藥局,台北市士林區士商路５８號,(02)28833046,0,20,2020/02/12 02:32:38
5901153110,美麗田藥局,台北市士林區通河街７８號,(02)28855990,0,24,2020/02/12 02:32:38
5901153245,大東健保藥局,臺北市士林區大東路８６－４號,(02)28834672,0,48,2020/02/12 02:32:38
5901153263,健揚藥局,台北市士林區延平北路５段２５１號,(02)28163698,0,29,2020/02/12 02:32:38
5901153272,光榮藥局,台北市士林區社中街１１８號,(02)28136060,0,8,2020/02/12 02:32:38
5901153325,天母康甯健保藥局,台北市士林區克強路８號,(02)28366631,2,88,2020/02/12 02:32:38
5901153405,社正藥局,台北市士林區社正路１２號,(02)28118704,0,82,2020/02/12 02:32:38
5901153432,大南春天生活藥局,台北市士林區大南路３１７、３１９號,(02)28882196,0,36,2020/02/12 02:32:38
5901153496,躍獅忠誠藥局,台北市士林區忠義街７０號,(02)28387948,0,38,2020/02/12 02:32:38
5901153503,祥新藥局,台北市士林區社子街６５號,(02)28110906,0,84,2020/02/12 02:32:38
5901153521,天母台安藥局,台北市士林區天母西路３４號,(02)28728017,0,2,2020/02/12 02:32:38
5901153567,華齡春天生活藥局,台北市士林區華齡街３６、３８號,(02)28882156,0,8,2020/02/12 02:32:38
5901153610,家安健保藥局,台北市士林區德行東路１０９巷１１９號,(02)28322182,0,8,2020/02/12 02:32:38
5901153656,德行盛康藥局,台北市士林區德行東路２０６之１號,(02)28348756,0,62,2020/02/12 02:32:38
5901153665,康佑藥局,台北市士林區延平北路５段１７６號,(02)28119981,0,68,2020/02/12 02:32:38
5901153674,愛佳藥局,台北市士林區承德路４段２２２之１號,(02)28811199,0,10,2020/02/12 02:32:38
5901153683,安奕藥局,台北市士林區葫蘆街３０巷１２號,(02)28133289,0,80,2020/02/12 02:32:38
5901153727,前港盛康藥局,台北市士林區前港街２８號,(02)28831079,0,8,2020/02/12 02:32:38
5901153781,文林生活健保藥局,台北市士林區文林路５６２號（實際使用：１樓）,(02)28381971,0,86,2020/02/12 02:32:38
5901153790,天母盛康藥局,台北市士林區天母東路８巷８４號,(02)28720208,0,46,2020/02/12 02:32:38
5901153807,中山盛康藥局,台北市士林區中山北路７段１６２號,(02)28771887,0,22,2020/02/12 02:32:38
5901153816,士東台安藥局,台北市士林區士東路８６之２號（實際使用：１樓）,(02)28315667,0,2,2020/02/12 02:32:38
5901153825,太和堂中西藥局,台北市士林區大東路７４號（實際使用：１樓）,(02)28814122,0,16,2020/02/12 02:32:38
5901153852,躍獅芝山藥局,台北市士林區福華路１５４號（實際使用：１樓）,(02)28365822,2,34,2020/02/12 02:32:38
5901153861,佩佩藥局,台北市士林區中山北路６段１８２號,(02)28382662,0,22,2020/02/12 02:32:38
5901153870,容育藥局,台北市士林區延平北路６段８號（實際使用：１樓）,(02)28113680,0,48,2020/02/12 02:32:38
5901153889,新光維康藥局,台北市士林區基河路２５０之３號（實際使用：１樓）,(02)28801011,0,28,2020/02/12 02:32:38
5901160044,石牌藥局,台北市北投區石牌路１段４９號,(02)28214986,0,12,2020/02/12 02:32:38
5901160053,天蓮藥局,台北市北投區石牌路１段１６６巷１１５號,(02)28211824,2,24,2020/02/12 02:32:38
5901160062,丸三大藥局,台北市北投區自強街１０５號,(02)28230637,0,60,2020/02/12 02:32:38
5901160099,進春藥局,台北市北投區明德路１５１號,(02)28216938,0,62,2020/02/12 02:32:38
5901160142,德昇藥局,台北市北投區裕民二路２０號,(02)28217565,0,62,2020/02/12 02:32:38
5901160197,川秀藥局,台北市北投區石牌路２段９９巷９號１樓,(02)28270702,0,38,2020/02/12 02:32:38
5901160222,新祥藥局,台北市北投區知行路２０８號－１,(02)28582551,0,28,2020/02/12 02:32:38
5901160277,建民藥局,台北市北投區光明路１６１號,(02)28912339,0,10,2020/02/12 02:32:38
5901160286,昌源藥局,台北市北投區中央北路４段４８５號,(02)28928695,0,22,2020/02/12 02:32:38
5901160320,益元藥局,台北市北投區光明路１０６號,(02)28912675,0,92,2020/02/12 02:32:38
5901160400,世全藥局,台北市北投區知行路２７３號,(02)28585378,0,112,2020/02/12 02:32:38
5901160428,九福藥局,台北市北投區公館路２３６號,(02)28953009,0,36,2020/02/12 02:32:38
5901160517,弘安藥局,台北市北投區懷德街３３號１樓,(02)28206390,0,58,2020/02/12 02:32:38
5901160544,黎明藥局,台北市北投區尊賢街２５３－１號,(02)28223795,4,50,2020/02/12 02:32:38
5901160562,名山藥局,台北市北投區東陽街４７５號１樓,(02)28226101,0,54,2020/02/12 02:32:38
5901160704,明華藥局,台北市北投區清江路８號（實際使用：１樓）,(02)28971056,0,38,2020/02/12 02:32:38
5901160802,美康藥局,台北市北投區明德路９０號１樓,(02)28281176,0,12,2020/02/12 02:32:38
5901161890,良興藥局,台北市北投區中和街２８６號,(02)28933360,0,63,2020/02/12 02:32:38
5901161934,康揚藥局,台北市北投區中和街３２２號,(02)28946520,0,4,2020/02/12 02:32:38
5901161961,聯合藥局,台北市北投區石牌路１段２３號,(02)28270306,0,108,2020/02/12 02:32:38
5901161998,玉山藥局,台北市北投區光明路１４５號,(02)28956236,0,50,2020/02/12 02:32:38
5901162002,實踐藥局,台北市北投區實踐街１３號,(02)28276616,0,86,2020/02/12 02:32:38
5901162119,祐鄰藥局,台北市北投區尊賢街２５０號,(02)28281232,0,88,2020/02/12 02:32:38
5901162173,小明藥局,台北市北投區中央南路１段６９號２樓,(02)28928950,0,20,2020/02/12 02:32:38
5901162182,祐民藥局,台北市北投區中央南路１段２０９號１樓,(02)28975339,0,10,2020/02/12 02:32:38
5901162306,上頤藥局,台北市北投區中和街３２７號１樓,(02)28981230,0,10,2020/02/12 02:32:38
5901162459,國泰藥師藥局,台北市北投區自強街１３９－１號,(02)28223995,13,38,2020/02/12 02:32:38
5901162477,長宜藥局,台北市北投區自強街１１２號,(02)28216605,0,56,2020/02/12 02:32:38
5901162520,妮妮藥局,台北市北投區中央南路１段１８７號,(02)28948067,0,49,2020/02/12 02:32:38
5901162780,康賢藥局,台北市北投區西安街１段３５９號,(02)28219295,0,36,2020/02/12 02:32:38
5901162806,大家藥局,台北市北投區光明路１８２號,(02)28959000,0,54,2020/02/12 02:32:38
5901162815,天康大藥局,台北市北投區中央南路１段５７號,(02)28930168,0,34,2020/02/12 02:32:38
5901162833,維康藥局,台北市北投區石牌路２段１９１．１９３號,(02)28206343,0,34,2020/02/12 02:32:38
5901163027,躍獅光明藥局,台北市北投區光明路５１、５３號,(02)28915993,0,8,2020/02/12 02:32:38
5901163107,小豬藥局,台北市北投區石牌路１段１６６巷８３號,(02)28217099,0,88,2020/02/12 02:32:38
5901163152,石牌健康人生藥局,台北市北投區石牌路２段１８７號,(02)28225169,0,114,2020/02/12 02:32:38
5901163214,鴻恩藥局,台北市北投區中央南路１段１２９號,(02)28926410,0,20,2020/02/12 02:32:38
5901163241,昱仁藥局,台北市北投區光明路１０２號２樓,(02)28979050,0,102,2020/02/12 02:32:38
5901163250,關渡松藥局,台北市北投區知行路２４７號,(02)28584824,0,56,2020/02/12 02:32:38
5901163269,佳祈健保藥局,台北市北投區明德路１４４號,(02)28232535,0,16,2020/02/12 02:32:38
5901163296,天禧大藥局,台北市北投區實踐街３５號,(02)28213558,0,8,2020/02/12 02:32:38
5901163312,秝安藥局,台北市北投區石牌路１段６９號（實際使用：１樓）,(02)28215399,0,141,2020/02/12 02:32:38
5901163330,萬信藥局,台北市北投區知行路３０５號（實際使用１樓）,(02)28583083,0,23,2020/02/12 02:32:38
5901163376,北投春天藥局,台北市北投區中央南路１段７６號,(02)28916668,0,18,2020/02/12 02:32:38
5901163394,致遠春天藥局,臺北市北投區致遠一路１段１３２號１、２樓,(02)28253258,0,24,2020/02/12 02:32:38
5901163410,尊賢藥局,台北市北投區尊賢街２１２號,(02)28270505,0,40,2020/02/12 02:32:38
5901163429,致遠盛康藥局,台北市北投區致遠二路１４１號,(02)28263580,0,6,2020/02/12 02:32:38
5901163438,漢藥局,台北市北投區吉利街１４６號,(02)28236598,0,52,2020/02/12 02:32:38
5901163474,怡人藥局,台北市北投區自強街１６８號,(02)28211598,0,124,2020/02/12 02:32:38
5901163483,天富大藥局,台北市北投區石牌路２段１７１號１、２樓,(02)28225812,0,56,2020/02/12 02:32:38
5901163492,全家藥粧藥局,台北市北投區光明路１６６－２號,(02)28988685,0,26,2020/02/12 02:32:38
5901163509,吉利春天生活藥局,台北市北投區吉利街１２０號,(02)28253256,0,42,2020/02/12 02:32:38
5901170022,良美藥局,台北市信義區福德街２６８巷３７號,(02)27593659,4,102,2020/02/12 02:32:38
5901170040,惠群藥局,台北市信義區忠孝東路４段５５９巷３８號,(02)27679234,0,44,2020/02/12 02:32:38
5901170059,必欣藥局,台北市信義區松仁路２６４號,(02)27225060,0,56,2020/02/12 02:32:38
5901170139,福華藥局,台北市信義區吳興街２８１巷３號１樓,(02)27208527,0,115,2020/02/12 02:32:38
5901170184,臺陽藥局,台北市信義區大道路６１號,(02)27283403,0,48,2020/02/12 02:32:38
5901170255,松隆藥局,台北市信義區虎林街６５號,(02)27684033,2,76,2020/02/12 02:32:38
5901170264,杏康藥局,台北市信義區忠孝東路５段３７２巷２７弄６８－２號１Ｆ,(02)23457422,0,109,2020/02/12 02:32:38
5901170335,慧生藥局,台北市信義區松山路３１０號,(02)27647138,0,124,2020/02/12 02:32:38
5901170399,文豐藥局,台北市信義區松山路５４３號－１,(02)27272709,0,69,2020/02/12 02:32:38
5901170406,鼎泰藥局,台北市信義區基隆路１段１５５號１樓,(02)27620617,0,22,2020/02/12 02:32:38
5901170433,松山大藥局,台北市信義區永吉路４３６號,(02)27620624,0,33,2020/02/12 02:32:38
5901170442,大順安藥局,台北市信義區吳興街８４號,(02)27360639,0,18,2020/02/12 02:32:38
5901170648,立信藥局,台北市信義區松山路４０３號,(02)27687754,0,36,2020/02/12 02:32:38
5901170906,吳興藥局,台北市信義區吳興街２７９號１樓,(02)27208328,0,96,2020/02/12 02:32:38
5901170915,杏仁藥局,台北市信義區大道路１３５號,(02)27262541,2,108,2020/02/12 02:32:38
5901172071,百康藥局,台北市信義區基隆路２段１３１之２０號,(02)27364377,0,18,2020/02/12 02:32:38
5901172160,佑華藥局,台北市信義區忠孝東路５段５０８－４號１樓,(02)27595719,4,90,2020/02/12 02:32:38
5901172179,新和平藥局,台北市信義區虎林街１９８號１樓,(02)23460951,0,66,2020/02/12 02:32:38
5901172197,得揚藥局,台北市信義區忠孝東路５段４５２號１樓,(02)87884667,2,44,2020/02/12 02:32:38
5901172213,華泰藥局,台北市信義區虎林街８２巷５號,(02)27601992,0,164,2020/02/12 02:32:38
5901172240,德康大藥局,台北市信義區松山路５４１巷２１號,(02)27272502,34,48,2020/02/12 02:32:38
5901172268,皇佳大藥局,台北市信義區松山路５４１巷１９號,(02)27269868,10,26,2020/02/12 02:32:38
5901172508,好康藥局,台北市信義區莊敬路４１４號,(02)27232979,0,2,2020/02/12 02:32:38
5901172544,麗中藥局,台北市信義區福德街２１７號,(02)27594416,0,46,2020/02/12 02:32:38
5901172580,文興藥局,台北市信義區福德街２４５號,(02)27590989,2,130,2020/02/12 02:32:38
5901172651,康杏藥局,台北市信義區福德街３０６號１樓,(02)27591510,0,50,2020/02/12 02:32:38
5901172688,昆陽藥局,台北市信義區林口街２３０號,(02)27274814,0,96,2020/02/12 02:32:38
5901172704,鴻濟藥局,台北市信義區永吉路３２６巷２號１樓,(02)27645331,0,80,2020/02/12 02:32:38
5901172740,信桉藥局,台北市信義區莊敬路２３６號,(02)87860005,0,64,2020/02/12 02:32:38
5901172786,安佑藥局,台北市信義區吳興街２４７號１樓,(02)27222236,2,60,2020/02/12 02:32:38
5901172839,九州藥局,台北市信義區和平東路３段２３９號,(02)87323331,0,80,2020/02/12 02:32:38
5901172857,永吉藥局,台北市信義區永吉路２１３號,(02)87874043,4,94,2020/02/12 02:32:38
5901172924,松仁藥局,台北市信義區松仁路２３３號,(02)27238626,2,112,2020/02/12 02:32:38
5901172933,喜樂藥局,台北市信義區松德路１２５號,(02)27275797,0,36,2020/02/12 02:32:38
5901172964,榮泰藥局,台北市信義區光復南路４１９巷１９號,(02)77296777,0,52,2020/02/12 02:32:38
5901173041,皇昇大藥局,台北市信義區松山路２１０號１樓,(02)27663488,6,88,2020/02/12 02:32:38
5901173050,貴臨藥局,台北市信義區永吉路３２６巷１９號,(02)27493768,0,42,2020/02/12 02:32:38
5901173176,三立藥局,台北市信義區忠孝東路５段４９２巷３４號,(02)27271401,0,8,2020/02/12 02:32:38
5901173201,大鳥藥局,台北市信義區莊敬路３５４號,(02)23455025,2,96,2020/02/12 02:32:38
5901173210,濟生中西藥局,台北市信義區崇德街４１號,(02)27358452,2,26,2020/02/12 02:32:38
5901173238,正和藥局,台北市信義區吳興街２２５巷６號,(02)23455186,2,58,2020/02/12 02:32:38
5901173283,上禾藥師藥局,台北市信義區林口街２７號,(02)27592686,2,62,2020/02/12 02:32:38
5901173292,荐荃藥師藥局,台北市信義區虎林街６８之３號,(02)27492866,8,100,2020/02/12 02:32:38
5901173372,新永春藥局,台北市信義區忠孝東路５段４２３巷１號,(02)27667385,0,90,2020/02/12 02:32:38
5901173390,馨馨藥局,台北市信義區虎林街８２巷１９號,(02)27491208,4,142,2020/02/12 02:32:38
5901173407,康怡健保藥局,台北市信義區吳興街４６７巷２弄１２號,(02)27206193,2,120,2020/02/12 02:32:38
5901173498,御安藥局,台北市信義區和平東路３段３５９號,(02)27323997,0,80,2020/02/12 02:32:38
5901173587,新興健保藥局,台北市信義區永吉路３０巷１１３號,(02)27494892,4,16,2020/02/12 02:32:38
5901173603,松德盛康藥局,台北市信義區松德路４０號,(02)87891622,0,24,2020/02/12 02:32:38
5901173658,杏一永春藥局,台北市信義區松山路２９２巷１７號,(02)27495938,0,176,2020/02/12 02:32:38
5901173676,杏一光復藥局,台北市信義區光復南路４４９之１號,(02)87804626,0,114,2020/02/12 02:32:38
5901173685,富熙仁康藥局,台北市信義區松仁路２６０號,(02)27587608,0,42,2020/02/12 02:32:38
5901173694,洪暘藥局,台北市信義區富陽街８６號,(02)27337099,0,24,2020/02/12 02:32:38
5901173701,壹間藥師藥局,台北市信義區虎林街１２０巷１４８號,(02)27672833,0,30,2020/02/12 02:32:38
5901173710,專品光復藥局,台北市信義區光復南路４６７之１號,(02)27586682,0,50,2020/02/12 02:32:38
5901173729,康健信安藥局,台北市信義區信安街１５１號,(02)87324166,0,86,2020/02/12 02:32:38
5901173738,尚頤中西藥局,台北市信義區虎林街１４５號,(02)27253818,0,52,2020/02/12 02:32:38
5901173747,躍獅興雅藥局,台北市信義區松德路１２８號,(02)87808429,0,50,2020/02/12 02:32:38
5901173756,信義盛康藥局,台北市信義區永吉路２８６號,(02)23460521,1,63,2020/02/12 02:32:38
5901173765,上好藥師藥局,台北市信義區永吉路３０巷１０１弄４８號,(02)27677088,1,18,2020/02/12 02:32:38
5901173774,立赫北醫藥局,台北市信義區吳興街１１８巷２６弄１７號,(02)27320100,8,36,2020/02/12 02:32:38
5901173783,北一健康人生藥局,台北市信義區吳興街２５５號,(02)27583945,0,44,2020/02/12 02:32:38
5901173792,柏愛藥局,台北市信義區基隆路２段１３１之９號,(02)27325472,0,66,2020/02/12 02:32:38
5901173809,愛維喜藥局,台北市信義區莊敬路２７８號,(02)27586989,0,90,2020/02/12 02:32:38
5901173818,博亞藥局,台北市信義區莊敬路４６２號,(02)27580506,1,22,2020/02/12 02:32:38
5901173827,松美藥局,台北市信義區市民大道６段３２０號（實際營業地址：１樓）,(02)27651099,0,46,2020/02/12 02:32:38
5901180037,崇信藥局,台北市中正區齊東街８８號,(02)23417557,0,54,2020/02/12 02:32:38
5901180055,日生大藥局,台北市中正區汀州路１段５３號１樓,(02)23031393,0,116,2020/02/12 02:32:38
5901180108,三元藥局,台北市中正區三元街１５８號,(02)23052839,0,118,2020/02/12 02:32:38
5901180126,民生藥局,台北市中正區濟南路２段４５－１號１樓,(02)23416470,0,106,2020/02/12 02:32:38
5901180162,濟仁藥局,台北市中正區濟南路２段２２號,(02)23514576,0,30,2020/02/12 02:32:38
5901180206,大安藥局,台北市中正區新生南路１段１０６號,(02)23213186,0,1,2020/02/12 02:32:38
5901180215,上海聯合藥局,台北市中正區衡陽路３２號１樓,(02)23117744,0,2,2020/02/12 02:32:38
5901180224,中心藥局,台北市中正區汀州路３段１２１號,(02)23689889,0,54,2020/02/12 02:32:38
5901180304,祥全藥局,台北市中正區信義路２段７９巷１５－８號１Ｆ,(02)23939339,2,142,2020/02/12 02:32:38
5901180322,南昌大藥局,台北市中正區南昌路１段８６號１樓,(02)23510322,0,42,2020/02/12 02:32:38
5901180368,古亭藥局,台北市中正區汀州路３段１１７號,(02)23683618,0,2,2020/02/12 02:32:38
5901182031,新獻安藥局,台北市中正區羅斯福路１段１５號,(02)23519891,0,44,2020/02/12 02:32:38
5901182068,永興藥局,台北市中正區汀州路１段９２巷２８號,(02)23050986,0,138,2020/02/12 02:32:38
5901182086,國杏藥師示範藥局,台北市中正區延平南路１７１巷３號,(02)23811322,0,72,2020/02/12 02:32:38
5901182111,東華藥局,台北市中正區汀州路３段１１３號,(02)23640852,0,104,2020/02/12 02:32:38
5901182219,連雲藥局,台北市中正區連雲街７９號,(02)23410504,0,46,2020/02/12 02:32:38
5901182255,全民藥局,台北市中正區廈門街８７號,(02)23695759,0,36,2020/02/12 02:32:38
5901183323,和平藥局,台北市中正區中華路２段４３號,(02)23755303,18,104,2020/02/12 02:32:38
5901183387,丞良藥局,台北市中正區南昌路１段７８號地下１樓,(02)33938868,0,82,2020/02/12 02:32:38
5901183396,慶安藥局,台北市中正區徐州路２６號,(02)23582385,0,28,2020/02/12 02:32:38
5901183510,怡誠藥局,台北市中正區汀州路２段２１２號,(02)23626905,0,96,2020/02/12 02:32:38
5901183529,達昌藥局,台北市中正區汀州路１段２０７號,(02)23390109,0,90,2020/02/12 02:32:38
5901183645,大愛生活藥局,台北市中正區汀州路２段２３２號,(02)23661155,0,60,2020/02/12 02:32:38
5901183672,博昇藥局,台北市中正區連雲街７２號,(02)23581898,6,8,2020/02/12 02:32:38
5901183716,台醫藥局,台北市中正區公園路３０巷４號,(02)23141202,0,116,2020/02/12 02:32:38
5901183789,佑康大藥局,台北市中正區汀州路２段６４號,(02)23683602,0,68,2020/02/12 02:32:38
5901183798,佳和藥局,台北市中正區黎明里公園路３０號,(02)23117102,0,52,2020/02/12 02:32:38
5901183823,南昌健康人生藥局,台北市中正區南昌路１段１５３號,(02)23969382,0,35,2020/02/12 02:32:38
5901183887,中英大藥局,台北市中正區永綏街６號,(02)23615654,2,10,2020/02/12 02:32:38
5901183896,琪基藥局,台北市中正區杭州南路１段８９號,(02)23414988,0,14,2020/02/12 02:32:38
5901183985,正康藥局,台北市中正區漢口街１段２２號,(02)23712831,0,2,2020/02/12 02:32:38
5901184062,建祥武昌藥局,台北市中正區武昌街１段２９號１樓,(02)23314038,1,14,2020/02/12 02:32:38
5901184071,進達健保藥局,台北市中正區中華路２段４５３號,(02)23039829,0,46,2020/02/12 02:32:38
5901184080,活力健康藥妝藥局,台北市中正區中華路２段３１５巷１號,(02)23392625,0,84,2020/02/12 02:32:38
5901184106,信康藥局,臺北市中正區南昌路１段１４３號,(02)23961979,0,22,2020/02/12 02:32:38
5901184142,新三醫藥局,台北市中正區汀州路３段１２５號,(02)23648180,0,104,2020/02/12 02:32:38
5901184179,保德中華藥局,台北市中正區中華路２段１５９號,(02)23027720,0,80,2020/02/12 02:32:38
5901184213,71恩典藥局,台北市中正區信義路２段７１號,(02)23223371,0,76,2020/02/12 02:32:38
5901184222,豐仁藥局,台北市中正區寧波西街１６１號,(02)23033908,0,116,2020/02/12 02:32:38
5901184240,立赫健保藥局,台北市中正區新生南路１段１６之２號,(02)33223231,0,48,2020/02/12 02:32:38
5901184259,汀州健康人生藥局,台北市中正區汀州路３段２１１號,(02)23688902,0,66,2020/02/12 02:32:38
5901184366,宏越藥局,台北市中正區中華路２段３１３巷４號,(02)23050880,0,68,2020/02/12 02:32:38
5901184375,大盛藥局,台北市中正區中華路１段２１巷１６號,(02)23713838,0,68,2020/02/12 02:32:38
5901184437,安藤健保調劑藥局,台北市中正區南昌路１段１３０號、１３２號,(02)23962120,8,54,2020/02/12 02:32:38
5901184446,北車維康藥局,台北市中正區青島西路７號,(02)23613623,6,0,2020/02/12 02:32:38
5901184464,和眾藥局,台北市中正區忠孝西路１段６號,(07)010119100,0,77,2020/02/12 02:32:38
5901184473,中力藥局,台北市中正區襄陽路１３之５號、１５號,(02)23313768,0,18,2020/02/12 02:32:38
5901184491,躍獅南門藥局,台北市中正區中華路２段３９巷１０號,(02)23141111,2,44,2020/02/12 02:32:38
5901184508,康呈安藥局,台北市中正區汀州路２段１８７號,(02)23672215,0,9,2020/02/12 02:32:38
5901184517,躍獅東門藥局,台北市中正區金山南路１段１０８之１號,(02)23920339,0,64,2020/02/12 02:32:38
5901184535,桐心藥局,台北市中正區金華街１８之６號１樓,(02)23581663,0,36,2020/02/12 02:32:38
5901190024,長泰藥局,台北市萬華區西園路２段２８０號,(02)23012869,10,88,2020/02/12 02:32:38
5901190033,世欣藥局,台北市萬華區東園街１７３號１Ｆ,(02)23074263,0,148,2020/02/12 02:32:38
5901190042,裕和藥局,台北市萬華區萬大路１１５、１１７號,(02)23063219,0,56,2020/02/12 02:32:38
5901190060,秀全藥局,台北市萬華區開封街２段６６－３號,(02)23811357,0,54,2020/02/12 02:32:38
5901190079,建和藥局,台北市萬華區青年路１６８巷４４號,(02)23010838,0,138,2020/02/12 02:32:38
5901190104,大嘉藥局,台北市萬華區梧州街６０號,(02)23084402,2,152,2020/02/12 02:32:38
5901190177,信昌藥局,台北市萬華區長泰街３６號１樓,(02)23054898,0,102,2020/02/12 02:32:38
5901190211,民和藥局,台北市萬華區民和街５號１樓,(02)23038134,0,10,2020/02/12 02:32:38
5901190220,生活大藥局,台北市萬華區貴陽街２段１２４號,(02)23618609,0,6,2020/02/12 02:32:38
5901190284,民鈺藥局,台北市萬華區環河南路２段１３９號１樓,(02)23084270,2,60,2020/02/12 02:32:38
5901190408,您永安藥局,台北市萬華區昆明街１６２號,(02)23317119,0,28,2020/02/12 02:32:38
5901190426,皇祥藥局,台北市萬華區萬青街１６５號１樓,(02)23375676,0,102,2020/02/12 02:32:38
5901190444,安聖藥局,台北市萬華區西園路２段２５６號１Ｆ,(02)23037620,0,10,2020/02/12 02:32:38
5901190515,日昇藥局,台北市萬華區廣州街１２４號,(02)23062975,4,126,2020/02/12 02:32:38
5901190668,聯慶大藥局,台北市萬華區萬大路３０６號１樓,(02)23039850,0,66,2020/02/12 02:32:38
5901190686,信義藥局,台北市萬華區青年路２８號,(02)23074599,0,56,2020/02/12 02:32:38
5901190695,益源藥局,台北市萬華區大理街１６０巷２６弄２號,(02)23087321,0,64,2020/02/12 02:32:38
5901192064,三源藥局,台北市萬華區康定路１９７號,(02)23022111,0,76,2020/02/12 02:32:38
5901192126,恩達藥局,台北市萬華區梧州街６４號,(02)23024467,0,178,2020/02/12 02:32:38
5901192144,健華藥局,台北市萬華區康定路３２８號,(02)23063083,8,70,2020/02/12 02:32:38
5901192153,永康大藥局,台北市萬華區桂林路４９號,(02)23317675,0,80,2020/02/12 02:32:38
5901192162,寶興大藥局,台北市萬華區寶興街１１９號,(02)23013375,0,2,2020/02/12 02:32:38
5901192180,康之友藥局,台北市萬華區青年路２０號,(02)23011598,0,67,2020/02/12 02:32:38
5901192448,健誠大藥局,台北市萬華區環河南路２段１８５號,(02)23042223,0,48,2020/02/12 02:32:38
5901192546,躍獅西園藥局,台北市萬華區西園路２段２６０號,(02)23094063,0,82,2020/02/12 02:32:38
5901192653,吉安藥局,台北市萬華區廣州街１８２號,(02)23085268,0,136,2020/02/12 02:32:38
5901192751,好視多藥局,台北市萬華區萬大路２８５號,(02)23018100,0,76,2020/02/12 02:32:38
5901192822,專品藥局,台北市萬華區長沙街２段７１－１號,(02)23718892,0,10,2020/02/12 02:32:38
5901192831,偉安藥局,台北市萬華區西藏路１０９號,(02)23037186,0,86,2020/02/12 02:32:38
5901192877,瑞生藥局,台北市萬華區西園路２段２５２號,(02)23012159,0,54,2020/02/12 02:32:38
5901192975,萬華藥局,台北市萬華區萬大路２４８號實際營業地址１樓、２樓,(02)23012221,0,134,2020/02/12 02:32:38
5901192993,萬華健業藥局,台北市萬華區東園街６８－３號,(02)23012292,0,36,2020/02/12 02:32:38
5901193025,華達藥局,台北市萬華區環河南路２段１７１號,(02)23082785,0,62,2020/02/12 02:32:38
5901193070,榮勝藥局,台北市萬華區萬大路２３３號,(02)23331121,0,134,2020/02/12 02:32:38
5901193105,安誠貴陽藥局,台北市萬華區貴陽街２段１４８號,(02)23812190,12,92,2020/02/12 02:32:38
5901193123,千誠北護藥局,台北市萬華區內江街１１４號,(02)23123530,22,70,2020/02/12 02:32:38
5901193132,松本藥局,台北市萬華區西昌街２３３號,(02)23029559,0,26,2020/02/12 02:32:38
5901193150,日森人文藥局,台北市萬華區和平西路３段１４９號,(02)23082100,0,16,2020/02/12 02:32:38
5901193169,柏祥藥局,台北市萬華區西藏路１４１號,(02)23018272,0,38,2020/02/12 02:32:38
5901193178,展源健康藥局,台北市萬華區國興路１０４號,(02)23035179,0,88,2020/02/12 02:32:38
5901193187,富安藥局,台北市萬華區萬大路４２６號,(02)23377878,0,10,2020/02/12 02:32:38
5901193196,青年宏越藥局,台北市萬華區青年路４４號,(02)23011037,0,46,2020/02/12 02:32:38
5901193221,正盛藥局,台北市萬華區中華路２段４３４－１號,(02)23050386,0,52,2020/02/12 02:32:38
5901193230,啟仁藥局,台北市萬華區環河南路２段１７７號,(02)23362771,5,40,2020/02/12 02:32:38
5901193249,光華藥局,台北市萬華區華西街１９－５號,(02)23613609,0,132,2020/02/12 02:32:38
5901200105,建興藥局,台北市文山區木柵路２段８１號１樓,(02)29399993,0,34,2020/02/12 02:32:38
5901200114,健群藥局,台北市文山區景興路４１號,(02)29328898,6,22,2020/02/12 02:32:38
5901200123,瑞安藥局,台北市文山區溪口街６９－１號１樓,(02)29312888,0,78,2020/02/12 02:32:38
5901200141,景美藥局,台北市文山區景文街１２５號,(02)29335741,0,76,2020/02/12 02:32:38
5901200187,全銨藥局,台北市文山區木新路３段３４９號１樓,(02)29370689,224,96,2020/02/12 02:32:38
5901200490,永明大藥局,台北市文山區興隆路１段２９７號１樓,(02)29314428,0,92,2020/02/12 02:32:38
5901200534,日信專業藥局,台北市文山區木柵路２段１３９號１樓,(02)86618322,0,80,2020/02/12 02:32:38
5901201540,逸仙藥師藥局,台北市文山區興隆路２段２１８－１號１樓,(02)29312597,0,24,2020/02/12 02:32:38
5901201568,康宜庭生活藥局,台北市文山區興隆路４段６４號,(02)29385363,8,0,2020/02/12 02:32:38
5901201675,博揚藥局,台北市文山區景興路１８１號,(02)89321707,0,66,2020/02/12 02:32:38
5901201728,東京晟藥局,台北市文山區辛亥路４段９７號,(02)29356354,0,38,2020/02/12 02:32:38
5901201746,仙瑩藥局,台北市文山區景華街１６６號,(02)89321817,0,4,2020/02/12 02:32:38
5901201755,銘依藥局,台北市文山區興隆路２段３０１巷４－１號,(02)29308538,0,86,2020/02/12 02:32:38
5901201826,舒博威藥局,台北市文山區興隆路２段９５巷３號,(02)29306805,0,84,2020/02/12 02:32:38
5901201835,巧康藥局,台北市文山區木新路３段２６２、２６４號,(02)29372061,0,5,2020/02/12 02:32:38
5901201871,佳醫景美藥局,台北市文山區羅斯福路６段２９０號,(02)86636659,0,38,2020/02/12 02:32:38
5901201951,慶豐好藥局,台北市文山區興隆路４段１３５號１樓,(02)29384775,2,68,2020/02/12 02:32:38
5901202047,華君藥局,台北市文山區興隆路２段６０號,(02)29319510,2,8,2020/02/12 02:32:38
5901202154,安誠藥局,台北市文山區景華街１２４－１號,(02)29308542,0,34,2020/02/12 02:32:38
5901202216,皇興藥師藥局,台北市文山區木柵路２段１２１號,(02)29365553,0,76,2020/02/12 02:32:38
5901202583,康宜庭景文藥局,台北市文山區景文街９７號,(02)29302801,0,32,2020/02/12 02:32:38
5901202592,人人健保藥局,台北市文山區保儀路３９號,(02)86610761,4,81,2020/02/12 02:32:38
5901202627,杏隆藥局,台北市文山區羅斯福路５段２６１號,(02)29313151,0,66,2020/02/12 02:32:38
5901202645,永源大藥局,台北市文山區興隆路３段３０２號,(02)22396166,0,62,2020/02/12 02:32:38
5901202654,康宜庭萬隆藥局,台北市文山區羅斯福路５段２０２號,(02)29348662,0,28,2020/02/12 02:32:38
5901202672,美迦藥局,台北市文山區保儀路２３號,(02)29362815,1,34,2020/02/12 02:32:38
5901202681,振大藥局,台北市文山區永安街２２巷１６號,(02)29393385,0,22,2020/02/12 02:32:38
5901202752,躍獅奕新藥局,台北市文山區木新路２段２７５號,(02)22340378,0,66,2020/02/12 02:32:38
5901202789,宜康藥局,台北市文山區保儀路７號,(02)86619862,0,48,2020/02/12 02:32:38
5901202841,欣安景美藥局,台北市文山區景文街７７號,(02)29316008,1,12,2020/02/12 02:32:38
5901202850,北一藥師藥局,台北市文山區木新路３段４７號,(02)22348686,0,73,2020/02/12 02:32:38
5901202949,萬隆大藥局,台北市文山區羅斯福路５段２１８巷１５號,(02)29334580,0,2,2020/02/12 02:32:38
5901202958,杏一萬安藥局,台北市文山區萬安街１５號,(02)22302126,0,20,2020/02/12 02:32:38
5901202976,健康家藥局,台北市文山區興隆路２段１３３號,(02)29330858,0,45,2020/02/12 02:32:38
5901202994,躍獅永健藥局,台北市文山區木柵路１段１７７號,(02)77285780,0,16,2020/02/12 02:32:38
5901203026,健康人生藥局,台北市文山區興隆路３段１０６號,(02)29347813,0,44,2020/02/12 02:32:38
5901203044,木新健康人生藥局,台北市文山區木新路３段２０３號,(02)86611465,10,6,2020/02/12 02:32:38
5901203062,大樹文山藥局,台北市文山區興隆路３段１３號（１、２、３樓）,(02)29342226,0,22,2020/02/12 02:32:38
5901203071,景華盛康藥局,台北市文山區景華街６９號,(02)29310188,0,24,2020/02/12 02:32:38
5901203080,杏一木柵藥局,台北市文山區木柵路３段９８號,(02)29371839,0,46,2020/02/12 02:32:38
5901203106,光明大藥局,台北市文山區忠順街１段６６號,(02)29390275,0,26,2020/02/12 02:32:38
5901203124,福興藥局,台北市文山區福興路５６號,(02)89313868,0,6,2020/02/12 02:32:38
5901203160,路加健康藥局,台北市文山區興隆路２段２２０巷３９號,(02)29302336,0,8,2020/02/12 02:32:38
5901203179,健安藥局,台北市文山區景興路１６５號,(02)29323757,0,34,2020/02/12 02:32:38
5901203188,逸全生活藥局,台北市文山區羅斯福路５段２２２號,(02)29326185,0,46,2020/02/12 02:32:38
5901203204,躍獅新芳藥局,台北市文山區興隆路３段９０號,(02)29308172,0,158,2020/02/12 02:32:38
5901203213,綠杏萬芳藥局,台北市文山區興隆路３段１１１號,(02)29349516,2,18,2020/02/12 02:32:38
5901203222,躍獅景新藥局,台北市文山區羅斯福路６段３０號,(02)29356221,0,36,2020/02/12 02:32:38
5901203240,大愛幸福藥局,台北市文山區木新路２段２２１號,(02)29379977,0,18,2020/02/12 02:32:38
5901203259,杏一萬芳藥局,台北市文山區興隆路３段１１８號、１１８號２樓,(02)82301606,0,38,2020/02/12 02:32:38
5901203268,躍獅木柵藥局,台北市文山區指南路１段２８號,(02)86617752,0,66,2020/02/12 02:32:38
5901203277,大樹景美藥局,台北市文山區羅斯福路６段２３４之１號,(02)29322951,0,46,2020/02/12 02:32:38
5901203286,康宜庭興隆藥局,台北市文山區興隆路３段２００號,(02)22304866,0,39,2020/02/12 02:32:38
5901203302,大樹木柵藥局,台北市文山區木柵路３段１０８號、１１０號（１樓、２樓、３樓）,(02)22340110,0,56,2020/02/12 02:32:38
5901203320,圓鼎藥局,台北市文山區羅斯福路６段４０７號２樓之１,(02)29332010,0,76,2020/02/12 02:32:38
5902010016,健康藥局,高雄市鹽埕區大仁路１０２號,(07)5510738,0,26,2020/02/12 02:32:38
5902010025,南京藥局,高雄市鹽埕區建國四路３８７號,(07)5514652,0,60,2020/02/12 02:32:38
5902010132,宏恩藥局,高雄市鹽埕區教仁里瀨南街１３３號,(07)5211318,0,130,2020/02/12 02:32:38
5902011308,昇安藥局,高雄市鹽埕區瀨南街２２５號１樓,(07)5216438,0,44,2020/02/12 02:32:38
5902011326,和生藥局,高雄市鹽埕區建國四路１７８－２號,(07)5315739,2,54,2020/02/12 02:32:38
5902011335,利百加藥局,高雄市鹽埕區大公路９６號,(07)5511098,0,170,2020/02/12 02:32:38
5902020012,永松藥局,高雄市鼓山區鼓山三路１３０－１５號,(07)5810657,0,102,2020/02/12 02:32:38
5902021153,世和藥局,高雄市鼓山區華豐里華夏路１９５號,(07)5522566,0,88,2020/02/12 02:32:38
5902021233,崧柏藥局,高雄市鼓山區華榮路５４３號,(07)5542027,0,92,2020/02/12 02:32:38
5902021242,快安藥局,高雄市鼓山區濱海一路３２號,(07)5514090,2,70,2020/02/12 02:32:38
5902021331,文山藥局,高雄市鼓山區鼓山二路１６６之８之９號,(07)5315681,9,78,2020/02/12 02:32:38
5902021377,藍玉藥局,高雄市鼓山區鼓峰里九如四路２００２號,(07)5837528,0,80,2020/02/12 02:32:38
5902022669,惠民藥局,高雄市鼓山區九如四路１４２６號,(07)5833228,16,16,2020/02/12 02:32:38
5902022687,元氣藥局,高雄市鼓山區南屏路５３３號,(07)5555995,0,44,2020/02/12 02:32:38
5902022721,永瑞藥局,高雄市鼓山區華榮路２９８號２樓,(07)5521376,90,86,2020/02/12 02:32:38
5902022749,安康藥局,高雄市鼓山區裕誠路１１５５號,(07)5536828,38,148,2020/02/12 02:32:38
5902022794,定國藥局,高雄市鼓山區九如四路１１３５號,(07)5815858,0,50,2020/02/12 02:32:38
5902022801,裕康中西大藥局,高雄市鼓山區裕誠路１５１９號,(07)5555352,8,54,2020/02/12 02:32:38
5902022829,弘興藥局,高雄市鼓山區鼓山三路４８－１１號,(07)5612677,0,34,2020/02/12 02:32:38
5902022874,康爾喜藥局,高雄市鼓山區慶豐街５０號,(07)5222650,2,92,2020/02/12 02:32:38
5902022892,大有藥局,高雄市鼓山區文信路２３６號,(07)5529402,0,78,2020/02/12 02:32:38
5902022972,高雄藥局,高雄市鼓山區九如四路９２４號,(07)5610031,34,90,2020/02/12 02:32:38
5902030063,紅心藥局,高雄市左營區崇德路２５５號,(07)3416697,0,36,2020/02/12 02:32:38
5902030090,宏仁藥局,高雄市左營區左營大路３９０號,(07)5817895,0,52,2020/02/12 02:32:38
5902030205,果貿藥局,高雄市左營區果峰街２２號,(07)5852825,36,222,2020/02/12 02:32:38
5902030269,立文藥局,高雄市左營區立文路５４號,(07)5572899,4,80,2020/02/12 02:32:38
5902030287,慈德藥局,高雄市左營重愛路５３號,(07)3416212,36,132,2020/02/12 02:32:38
5902030303,翔生藥局,高雄市左營區尾南里左營大路５１４號,(07)5827329,0,80,2020/02/12 02:32:38
5902030312,吉辰藥局,高雄市左營區左營大路４１之１號,(07)5815069,0,30,2020/02/12 02:32:38
5902030410,重仁藥局,高雄市左營區左營大路４０８號,(07)5824083,0,84,2020/02/12 02:32:38
5902030634,有機藥局,高雄市左營區榮耀街３號,(07)3596429,22,98,2020/02/12 02:32:38
5902030643,新高橋藥局,高雄市左營區民族一路１０２８號,(07)3100696,0,76,2020/02/12 02:32:38
5902031882,崇光藥局,高雄市左營區華夏路７５５號,(07)3452211,0,68,2020/02/12 02:32:38
5902031999,平安藥局,高雄市左營區中華一路５之１號,(07)5833688,6,202,2020/02/12 02:32:38
5902032174,光明健保藥局,高雄市左營區翠華路６０１巷８３號,(07)5812499,8,214,2020/02/12 02:32:38
5902032218,和信藥師健保藥局,高雄市左營區崇德路２６７號,(07)3419363,0,80,2020/02/12 02:32:38
5902032227,政大聯合藥局,高雄市左營區自由三路５０６號,(07)3454713,0,74,2020/02/12 02:32:38
5902032370,好幸福專業藥局,高雄市左營區明華一路２２０號,(07)5506816,0,62,2020/02/12 02:32:38
5902032432,威林藥局,高雄市左營區華夏路７２１號,(07)3414243,24,62,2020/02/12 02:32:38
5902032441,健怡藥局,高雄市左營區翠峰路４０號,(07)5821891,38,188,2020/02/12 02:32:38
5902032450,可達藥局,高雄市左營區榮德街１７７號,(07)3420182,0,78,2020/02/12 02:32:38
5902032487,必健藥局,高雄市左營區自由二路９０號,(07)5584259,0,74,2020/02/12 02:32:38
5902032521,合康健保藥局,高雄市左營區裕誠路１８８號,(07)5509667,4,96,2020/02/12 02:32:38
5902032530,杏光藥局,高雄市左營區果峰街４７巷１號１樓,(07)3454432,21,139,2020/02/12 02:32:38
5902032647,健智美藥局,高雄市左營區富國路９８號,(07)5580888,8,74,2020/02/12 02:32:38
5902032665,安欣藥師藥局,高雄市左營區大順一路５５２號１樓,(07)5506620,64,168,2020/02/12 02:32:38
5902032674,辰暘藥局,高雄市左營區富民路１２０號１、２樓,(07)5588545,0,86,2020/02/12 02:32:38
5902040014,成吉藥局,高雄市楠梓區楠梓東街７４號,(07)3513339,0,37,2020/02/12 02:32:38
5902040041,橘井藥局,高雄市楠梓區楠梓路１２９號,(07)3511869,2,114,2020/02/12 02:32:38
5902040069,新友藥局,高雄市楠梓區萬昌路１１１號,(07)3653534,2,4,2020/02/12 02:32:38
5902040087,世詠藥局,高雄市楠梓區楠都東街１３８號,(07)3539869,1,78,2020/02/12 02:32:38
5902040096,宗隆藥局,高雄市楠梓區右昌街２２０號,(07)3622203,2,74,2020/02/12 02:32:38
5902040112,丁丁楠梓藥局,高雄市楠梓區建楠路１３０、１３２、１３４號,(07)3533743,0,18,2020/02/12 02:32:38
5902040185,東初藥局,高雄市楠梓區楠梓路３２號,(07)3511261,0,52,2020/02/12 02:32:38
5902040210,益民藥局,高雄市楠梓區建楠路４７號,(07)3522161,0,42,2020/02/12 02:32:38
5902040229,進昇藥局,高雄市楠梓區德賢路２０２號,(07)3652334,0,50,2020/02/12 02:32:38
5902040238,筆秀藥局,高雄市楠梓區青埔街１５２號,(07)3622412,18,36,2020/02/12 02:32:38
5902040274,千惠藥局,高雄市楠梓區和光街１８１號,(07)3631268,18,106,2020/02/12 02:32:38
5902040498,順明藥局,高雄市楠梓區和光街６５號,(07)3615574,0,104,2020/02/12 02:32:38
5902040532,聯亞藥局,高雄市揇梓區軍校路７１０號,(07)3638387,14,108,2020/02/12 02:32:38
5902041226,正人藥師藥局,高雄市楠梓區和昌里軍校路６７２號,(07)3652942,0,92,2020/02/12 02:32:38
5902042269,常禾藥局,高雄市楠梓區常德路３３３號一樓,(07)3537431,0,64,2020/02/12 02:32:38
5902042376,佶辰藥局,高雄市楠梓區德民路６４１號１Ｆ,(07)3662802,0,78,2020/02/12 02:32:38
5902042474,誠群藥局,高雄市楠梓區樂群路１８２號１樓,(07)3661733,0,16,2020/02/12 02:32:38
5902042492,合德中西藥師藥局,高雄市楠梓區楠梓路４８６號,(07)3581291,2,79,2020/02/12 02:32:38
5902042563,天健藥局,高雄市楠梓區後昌路１０８７號,(07)3634179,2,68,2020/02/12 02:32:38
5902042590,德賢藥師藥局,高雄市楠梓區德賢路５５１號,(07)3606056,4,24,2020/02/12 02:32:38
5902042657,皇慶藥局,高雄市楠梓區和光街１９１號,(07)3643352,6,78,2020/02/12 02:32:38
5902042661,元春中西藥師藥局,高雄市楠梓區後昌路８３７巷３７號,(07)3605656,0,28,2020/02/12 02:32:38
5902042714,長義藥局,高雄市楠梓區惠民路４８號,(07)3640593,0,60,2020/02/12 02:32:38
5902042769,家安藥局,高雄市楠梓區後昌新路１３號１樓,(07)3600066,0,28,2020/02/12 02:32:38
5902050092,明曜藥局,高雄市三民區澄和路９６號,(07)3803807,10,90,2020/02/12 02:32:38
5902050154,杏安藥局,高雄市三民區十全一路91 號,(07)3111606,0,128,2020/02/12 02:32:38
5902050298,瑞鶴藥局,高雄市三民區寶德里義德路２５號,(07)3862757,104,126,2020/02/12 02:32:38
5902050323,信彰藥師藥局,高雄市三民區鼎中路６２７號,(07)3422376,0,28,2020/02/12 02:32:38
5902050350,日星藥局,高雄市三民區寶龍里惠德街３８號,(07)3845188,112,128,2020/02/12 02:32:38
5902050378,安成藥局,高雄市三民區察哈爾二街６３號,(07)3229295,0,118,2020/02/12 02:32:38
5902050387,合祥藥局,高雄市三民區本元里昭良街６８號,(07)3830180,36,146,2020/02/12 02:32:38
5902050412,春仁藥局,高雄市三民區覺民路２２５號,(07)2351064,98,144,2020/02/12 02:32:38
5902050467,人禾藥局,高雄市三民區達仁里九如二路３２４號,(07)3215681,0,126,2020/02/12 02:32:38
5902050565,澄和藥局,高雄市三民區澄和路６６號,(07)3923111,26,132,2020/02/12 02:32:38
5902050592,建昌藥局,高雄市三民區十全一路１０５號１樓,(07)3232356,0,146,2020/02/12 02:32:38
5902050636,嘉益藥局,高雄市三民區重慶街３０號,(07)3110157,42,180,2020/02/12 02:32:38
5902050681,全信藥局,高雄市三民區鼎中里鼎中路１０６號,(07)3428155,0,82,2020/02/12 02:32:38
5902050770,仁生藥局,高雄市三民區民享里熱河二街７８號,(07)3118765,0,70,2020/02/12 02:32:38
5902050798,友泰藥局,高雄市三民區中和街１６９號,(07)3125236,12,138,2020/02/12 02:32:38
5902050903,皇安藥局,高雄市三民區九如一路４６１號,(07)3866779,0,60,2020/02/12 02:32:38
5902050912,雅信藥局,高雄市三民區鼎山街３２６號,(07)3830821,0,102,2020/02/12 02:32:38
5902050958,安信藥局,高雄市三民區灣中里鼎山街６６５號,(07)3825577,0,88,2020/02/12 02:32:38
5902051222,利民藥局,高雄市三民區孝順街７４號,(07)3125436,0,138,2020/02/12 02:32:38
5902051240,明皇藥局,高雄市三民區寶國里義華路１８１號,(07)3860121,0,106,2020/02/12 02:32:38
5902051268,上正藥師藥局,高雄市三民區憲政路２５５號,(07)2223355,0,40,2020/02/12 02:32:38
5902051642,安寧藥局,高雄市三民區嫩江街３９號,(07)3217585,0,111,2020/02/12 02:32:38
5902051786,億生藥局,高雄市三民區南台路２００號,(07)2873436,0,192,2020/02/12 02:32:38
5902051866,久大藥局,高雄市三民區本文里立忠路３２號１Ｆ,(07)3858116,0,90,2020/02/12 02:32:38
5902053833,建銘藥局,高雄市三民區吉林街２６２號,(07)3133460,0,56,2020/02/12 02:32:38
5902054689,善全藥局,高雄市三民區義華路３９１號,(07)3960269,50,146,2020/02/12 02:32:38
5902054741,文安學藥局,高雄市三民區寶業里覺民路６２號,(07)3809400,0,96,2020/02/12 02:32:38
5902054858,勝發藥局,高雄市三民區金鼎路３５０號,(07)3474780,0,86,2020/02/12 02:32:38
5902055480,建保藥局,高雄市三民區陽明路４１３號,(07)3920433,0,62,2020/02/12 02:32:38
5902056638,柏仁藥局,高雄市三民區覺民路５０４號,(07)3976016,0,80,2020/02/12 02:32:38
5902056692,大樂藥局,高雄市三民區明誠二路１６號一樓,(07)3501052,96,169,2020/02/12 02:32:38
5902056718,岱安藥局,高雄市三民區熱河二街２３號,(07)3219946,82,176,2020/02/12 02:32:38
5902056754,大家藥局,高雄市三民區鼎中路２２９號１樓,(07)3107632,26,132,2020/02/12 02:32:38
5902056807,長慶藥局,高雄市三民區金鼎路３１０號,(07)3105835,0,56,2020/02/12 02:32:38
5902056825,新正興藥局,高雄市三民區正興路１００號,(07)3892646,1,162,2020/02/12 02:32:38
5902056923,鴻慶藥局,高雄市三民區裕誠路７０號,(07)9536166,28,80,2020/02/12 02:32:38
5902057126,民安藥局,高雄市三民區嫩江街７０號,(07)3121381,0,112,2020/02/12 02:32:38
5902057144,欣仁惠藥局,高雄市三民區大昌二路２４８號,(07)3837833,0,66,2020/02/12 02:32:38
5902057162,台安藥局,高雄市三民區華德街１４９號１樓,(07)3972340,55,102,2020/02/12 02:32:38
5902057288,育英藥局,高雄市三民區灣子里和順街３９號,(07)3824467,0,30,2020/02/12 02:32:38
5902057368,崧民藥師藥局,高雄市三民區金鼎路２２８號,(07)3102496,1,44,2020/02/12 02:32:38
5902057484,永勝藥局,高雄市三民區褒忠街１１４號,(07)3814643,0,122,2020/02/12 02:32:38
5902057493,上泰藥局,高雄市三民區鼎山街５６９號,(07)3987396,1,110,2020/02/12 02:32:38
5902057500,陽明藥局,高雄市三民區陽明路２８７號,(07)3960376,0,78,2020/02/12 02:32:38
5902057519,伍陸藥局,高雄市三民區正興路９４號,(07)3890676,0,74,2020/02/12 02:32:38
5902057546,華南藥局,高雄市三民區中和街１２４號,(07)3127483,0,98,2020/02/12 02:32:38
5902057680,健爾康藥局,高雄市三民區正興路２３號,(07)3965658,0,58,2020/02/12 02:32:38
5902057733,新久億藥局,高雄市三民區正興路１８３號,(07)3986909,0,84,2020/02/12 02:32:38
5902057822,建工丁丁藥局,高雄市三民區建工路５６８號,(07)3830841,0,26,2020/02/12 02:32:38
5902057831,愛橋藥局,高雄市三民區陽明路１９２號,(07)3945146,0,108,2020/02/12 02:32:38
5902057902,利安藥局,高雄市三民區建工路５４５號,(07)3965550,2,116,2020/02/12 02:32:38
5902057920,必好藥局,高雄市三民區義華路４６０號,(07)3851751,0,40,2020/02/12 02:32:38
5902057939,朝陽健保藥局,高雄市三民區陽明路５７號１樓,(07)3839886,149,70,2020/02/12 02:32:38
5902057948,振源藥局,高雄市三民區熱河一街３５５號１樓,(07)3112541,0,50,2020/02/12 02:32:38
5902060025,連作藥局,高雄市新興區大同一路２０３－１號,(07)2154716,1,58,2020/02/12 02:32:38
5902060132,成益藥局,高雄市新興區德望里復興一路４之２號,(07)2265015,0,92,2020/02/12 02:32:38
5902060150,永明藥局,高雄市新興區仁智街２２３號,(07)2619832,0,120,2020/02/12 02:32:38
5902061540,長青藥局,高雄市新興區六合路１１４號,(07)2229220,0,58,2020/02/12 02:32:38
5902061577,銘泰藥局,高雄市新興區自立二路１６６號,(07)2855165,0,68,2020/02/12 02:32:38
5902061899,元盛藥局,高雄市新興區六合路１５３號,(07)2228183,0,90,2020/02/12 02:32:38
5902071528,岩生藥局,高雄市前金區自立一路１５－１號,(07)2863608,1,116,2020/02/12 02:32:38
5902071537,大衛藥局,高雄市前金區中華三路１８８號,(07)2859958,0,110,2020/02/12 02:32:38
5902071546,中華藥局,高雄市前金區中華四路３６３號,(07)2712779,0,90,2020/02/12 02:32:38
5902080036,瑞林藥局,高雄市苓雅區興中一路２８２號,(07)3312146,0,112,2020/02/12 02:32:38
5902080287,佳鴻中西藥局,高雄市苓雅區文昌路１１號,(07)7497103,0,92,2020/02/12 02:32:38
5902080312,正和藥局,高雄市苓雅區福建街３６２號,(07)2265377,1,137,2020/02/12 02:32:38
5902080376,政德藥局,高雄市苓雅區正大里武廟路２９號,(07)7114371,0,122,2020/02/12 02:32:38
5902080465,廣德泰藥局,高雄市苓雅區苓雅二路７６號,(07)3340769,0,120,2020/02/12 02:32:38
5902080474,弘宗藥局,高雄市苓雅區武智街２號,(07)7211088,0,120,2020/02/12 02:32:38
5902080518,福海藥局,高雄市苓雅區武慶三路５８號,(07)7618855,0,58,2020/02/12 02:32:38
5902080527,三和藥局,高雄市苓雅區廣州二街１１７號,(07)7220808,0,80,2020/02/12 02:32:38
5902080545,柏松藥局,高雄市苓雅區輔仁路１７５號,(07)7119786,0,52,2020/02/12 02:32:38
5902080616,一加藥局,高雄市苓雅區和平一路四二號,(07)7212748,197,156,2020/02/12 02:32:38
5902080741,天新藥局,高雄市苓雅區華堂里林森二路１－３號,(07)3342754,0,106,2020/02/12 02:32:38
5902080803,功安中西大藥局,高雄市苓雅區三多二路２９１號,(07)7215949,12,200,2020/02/12 02:32:38
5902080858,福興藥局,高雄市苓雅區成功一路５２號,(07)3331862,0,172,2020/02/12 02:32:38
5902081015,明群藥局,高雄市苓雅區英明路５４號,(07)7254953,0,66,2020/02/12 02:32:38
5902081186,寶麒藥局,高雄市苓雅區三多一路１４４號,(07)7610355,0,72,2020/02/12 02:32:38
5902081328,東信藥局,高雄市苓雅區三多一路１８９號,(07)7613309,0,68,2020/02/12 02:32:38
5902083457,順一藥局,高雄市苓雅區田西里成功一路２１０號,(07)3330011,0,34,2020/02/12 02:32:38
5902083582,健智藥局,高雄市苓雅區四維二路９６之２號,(07)7249153,1,36,2020/02/12 02:32:38
5902083591,晨安藥局,高雄市苓雅區興中一路１６０號,(07)3365463,0,162,2020/02/12 02:32:38
5902084703,瑞生藥局,高雄市苓雅區自強三路３１號,(07)3305239,0,48,2020/02/12 02:32:38
5902084749,琉璃光藥師藥局,高雄市苓雅區四維一路２９２號之一樓,(07)7160930,60,182,2020/02/12 02:32:38
5902084776,杏合藥局,高雄市苓雅區福德二路２１６號,(07)7268966,1,114,2020/02/12 02:32:38
5902084785,新良安藥局,高雄市苓雅區苓雅二路１０６號,(07)3386980,0,58,2020/02/12 02:32:38
5902084801,邱吉祥藥局,高雄市苓雅區凱旋二路１３５號,(07)2226055,0,154,2020/02/12 02:32:38
5902085031,上好藥局,高雄市苓雅區四維一路六三號一樓,(07)7266863,0,76,2020/02/12 02:32:38
5902085139,健福藥局,高雄市苓雅區永富街１０號,(07)3381746,0,88,2020/02/12 02:32:38
5902085148,召祐健保藥局,高雄市苓雅區正義路９３號,(07)7493719,2,106,2020/02/12 02:32:38
5902085166,景福藥局,高雄市苓雅區和平一路１４７之５號,(07)7719152,0,62,2020/02/12 02:32:38
5902085184,惠春藥局,高雄市苓雅區武慶三路９６號,(07)7611358,0,94,2020/02/12 02:32:38
5902085228,永森藥局,高雄市苓雅區建國一路２９０號,(07)7163087,18,172,2020/02/12 02:32:38
5902085308,幸福藥師藥局,高雄市苓雅區青年一路１６７－３號,(07)5368701,2,66,2020/02/12 02:32:38
5902085344,意祥藥局,高雄市苓雅區武廟路１４２之１號,(07)7224835,0,96,2020/02/12 02:32:38
5902085371,加和藥局,高雄市苓雅區和平一路１４３之７號,(07)7219332,0,100,2020/02/12 02:32:38
5902090032,全國大藥局,高雄市前鎮區三多二路４０３號１樓,(07)3345775,1,132,2020/02/12 02:32:38
5902090087,久億藥局,高雄市前鎮區保泰路３５１號,(07)7619333,0,68,2020/02/12 02:32:38
5902090103,文仁藥局,高雄市前鎮區明正里草衙二路４６０號,(07)8413116,0,112,2020/02/12 02:32:38
5902090121,意文藥局,高雄市前鎮區瑞華里武營路１８３號,(07)7226570,0,88,2020/02/12 02:32:38
5902090167,勝惠藥局,高雄市前鎮區忠孝里三多三路７１號,(07)3354766,24,168,2020/02/12 02:32:38
5902090363,八仙藥局,高雄市前鎮區瑞隆路２５１號,(07)7270001,1,78,2020/02/12 02:32:38
5902090765,家安大藥局,高雄市前鎮區崗山南街３４２巷２１號,(07)7137711,0,114,2020/02/12 02:32:38
5902090827,博平藥局,高雄市前鎮區草衙二路３７７號,(07)8311814,0,36,2020/02/12 02:32:38
5902090970,民光藥局,高雄市前鎮區林森三路４８號,(07)3335362,1,112,2020/02/12 02:32:38
5902091128,北京藥局,高雄市前鎮區公正路３１號,(07)7113100,10,6,2020/02/12 02:32:38
5902092205,百宏中西大藥局,高雄市前鎮區復興三路１９４號,(07)3386719,0,3,2020/02/12 02:32:38
5902092296,迎廣藥局,高雄市前鎮區林森三路１５０號２樓,(07)3321466,33,140,2020/02/12 02:32:38
5902092321,彥芳藥局,高雄市前鎮區長江街６５號１樓,(07)3302007,0,66,2020/02/12 02:32:38
5902092358,惠芳藥局,高雄市前鎮區一心一路４８６號,(07)5370650,0,12,2020/02/12 02:32:38
5902092410,旺盛藥局,高雄市前鎮區永豐路１０８號,(07)7512899,0,136,2020/02/12 02:32:38
5902092492,元生藥局,高雄市前鎮區鎮興路２２６號１樓,(07)8156356,0,100,2020/02/12 02:32:38
5902092554,協和藥局,高雄市前鎮區中華五路９８３號,(07)5377769,1,86,2020/02/12 02:32:38
5902092572,羿昇藥局,高雄市前鎮區一心一路４９２號,(07)3387737,120,154,2020/02/12 02:32:38
5902092643,晏昇藥局,高雄市前鎮區凱旋三路８１號,(07)7235136,0,66,2020/02/12 02:32:38
5902092787,吉昌藥局,高雄市前鎮區正勤路１００號,(07)3368782,0,102,2020/02/12 02:32:38
5902092887,民權丁丁藥局,高雄市前鎮區民權二路３４５號,(07)9650177,0,6,2020/02/12 02:32:38
5902092896,廣泰藥局,高雄市前鎮區瑞北路５６號,(07)7162166,0,26,2020/02/12 02:32:38
5902092910,健家藥局,高雄市前鎮區二聖二路４５號,(07)3389986,15,104,2020/02/12 02:32:38
5902092956,慈濟健保藥局,高雄市前鎮區鎮州路２１１號,(07)8159788,0,273,2020/02/12 02:32:38
5902100033,旗后藥局,高雄市旗津區中洲三路７１５號,(07)5715838,8,124,2020/02/12 02:32:38
5902100042,千佑藥局,高雄市旗津區復興里中洲三路５１３號,(07)5712619,0,58,2020/02/12 02:32:38
5902101094,康富藥局,高雄市旗津區旗津二路２２０號,(07)5710567,4,6,2020/02/12 02:32:38
5902110066,文祺藥局,高雄市小港區正苓里平治街１１２號,(07)8014066,0,54,2020/02/12 02:32:38
5902110093,鳳明中西大藥局,高雄市小港區二苓路２４７號,(07)8011846,0,46,2020/02/12 02:32:38
5902110244,億大藥局,高雄市小港區三苓里永義街１７１號,(07)8014958,0,62,2020/02/12 02:32:38
5902110299,大裕藥局,高雄市小港區小港里小港路２６１號,(07)8211467,0,12,2020/02/12 02:32:38
5902110422,臨生藥局,高雄市小港區鳳鳴路１４６－４號,(07)8711290,0,81,2020/02/12 02:32:38
5902110431,龍祺藥局,高雄市小港區平和路１１１號,(07)8315352,0,128,2020/02/12 02:32:38
5902110593,慈林藥局,高雄市小港區鳳林路９３號,(07)8718087,0,64,2020/02/12 02:32:38
5902110600,高泰藥局,高雄市小港區桂陽路７號,(07)7930043,0,20,2020/02/12 02:32:38
5902110628,悅是康藥局,高雄市小港區漢民路２７６號,(07)8010012,0,18,2020/02/12 02:32:38
5902111661,康乃爾藥局,高雄市小港區漢民路４１３號２樓,(07)8026291,0,58,2020/02/12 02:32:38
5902111670,桂林活力藥師藥局,高雄市小港區桂陽路４０號,(07)7931248,0,12,2020/02/12 02:32:38
5902111698,康莊藥局,高雄市小港區康莊路６９號一樓,(07)8063384,200,114,2020/02/12 02:32:38
5902111796,力安藥師藥局,高雄市小港區桂陽路316號１樓,(07)7918167,2,6,2020/02/12 02:32:38
5902111938,丁丁藥局小港店,高雄市小港區宏平路８５號,(07)8603388,0,18,2020/02/12 02:32:38
5903010010,康健藥局,臺中市豐原區西勢里中山路３７３號,(04)25279542,0,84,2020/02/12 02:32:38
5903010038,金宏健保藥局,臺中市豐原區安康路１０３號,(04)25288262,0,28,2020/02/12 02:32:38
5903010056,一加藥局,臺中市豐原區中正路１９５號,(04)25237700,0,60,2020/02/12 02:32:38
5903010118,理妍藥局,臺中市豐原區中正路３７９號,(04)25270140,0,54,2020/02/12 02:32:38
5903010127,友誠藥局,臺中市豐原區豐東路４０１號１樓,(04)25132371,0,1,2020/02/12 02:32:38
5903010181,永豐藥局,臺中市豐原區中山路４２２號１樓,(04)25280088,0,70,2020/02/12 02:32:38
5903010270,福心藥局,臺中市豐原區中正路７１５號１樓,(04)25229292,0,2,2020/02/12 02:32:38
5903010289,心美日藥局,臺中市豐原區中山路３５９號１樓,(04)25260703,0,10,2020/02/12 02:32:38
5903010305,大樹圓環藥局,臺中市豐原區圓環東路６１７號１樓,(04)25122212,200,50,2020/02/12 02:32:38
5903010314,豐原百宏中西藥局,臺中市豐原區水源路５９５號１樓,(04)25242185,0,30,2020/02/12 02:32:38
5903010332,富田藥局,臺中市豐原區文昌街１５２號１樓,(04)25225453,201,58,2020/02/12 02:32:38
5903010350,甲蒂健保藥局,臺中市豐原區豐東路３０８號,(04)25256028,0,4,2020/02/12 02:32:38
5903010378,豐原啄木鳥藥局,臺中市豐原區中山路１７８號１樓,(04)25295340,0,16,2020/02/12 02:32:38
5903010387,信宜藥局,臺中市豐原區中山路３９５號,(04)25229912,12,120,2020/02/12 02:32:38
5903010403,品安藥局,臺中市豐原區中山路４０５號,(04)25270138,116,90,2020/02/12 02:32:38
5903010412,佑全豐原圓環東藥局,臺中市豐原區圓環東路５４８、５５０、５５２、５５４號,(04)25246069,0,10,2020/02/12 02:32:38
5903010421,長庚健保大藥局,臺中市豐原區中正路１３２號１樓,(04)25151867,0,40,2020/02/12 02:32:38
5903010430,喜樂魚藥局,臺中市豐原區圓環東路６１３號１樓,(04)25200226,0,52,2020/02/12 02:32:38
5903010449,豐原藥局,臺中市豐原區新生北路２０６號之１（１樓）,(04)25260119,12,122,2020/02/12 02:32:38
5903010458,心之藥局,臺中市豐原區中山路５０４號,(04)25254959,0,52,2020/02/12 02:32:38
5903010467,阜康藥局,臺中市豐原區中山路２９５號１樓,(04)25155977,38,122,2020/02/12 02:32:38
5903010485,大樹圓環藥局,臺中市豐原區圓環東路６１７號１樓,(04)25122212,0,30,2020/02/12 02:32:38
5903010494,百宏大藥局,臺中市豐原區中正路８６０號１樓,(04)25131538,4,10,2020/02/12 02:32:38
5903020034,國良豐藥局,臺中市東勢區豐勢路２１號１樓,(04)25885778,0,12,2020/02/12 02:32:38
5903020052,東勢福倫藥局,臺中市東勢區豐勢路４３８號,(04)25876118,0,8,2020/02/12 02:32:38
5903030012,康好藥局,臺中市大甲區三民路１３２－２號,(04)26802149,0,24,2020/02/12 02:32:38
5903030030,大甲健康藥局,臺中市大甲區蔣公路２４２-１號１樓,(04)26805833,2,22,2020/02/12 02:32:38
5903030058,康達藥局,臺中市大甲區蔣公路２６６號１樓,(04)26862001,0,14,2020/02/12 02:32:38
5903030067,甲尚藥局,台中市大甲區順天路１２８號,(04)26760885,0,18,2020/02/12 02:32:38
5903030076,百禾藥局,臺中市大甲區仁愛街５８號,(04)26872538,0,38,2020/02/12 02:32:38
5903030085,廣元藥局,臺中市大甲區順天路１４６號１樓,(04)26872843,0,66,2020/02/12 02:32:38
5903030138,聖佑藥局,臺中市大甲區中山路１段５７６號１樓,(04)26760156,0,36,2020/02/12 02:32:38
5903030147,能德藥局,臺中市大甲區復興路２２之１號,(04)26873549,0,72,2020/02/12 02:32:38
5903030156,盈盈藥局,臺中市大甲區文武路１８號,(04)26804212,2,10,2020/02/12 02:32:38
5903030165,民和藥局,臺中市大甲區德興路６８號,(04)26871212,0,18,2020/02/12 02:32:38
5903030174,慶安藥局,臺中市大甲區文武路１７８之３號,(04)26802933,0,76,2020/02/12 02:32:38
5903030192,大甲合和藥局,臺中市大甲區甲后路５段２６９號１樓,(04)26802310,0,6,2020/02/12 02:32:38
5903040045,全佑藥局,臺中市清水區新興路２６０號１樓,(04)26220579,0,42,2020/02/12 02:32:38
5903040063,崇文藥師藥局,臺中市清水區和平路４２８之１５號,(04)26561101,0,68,2020/02/12 02:32:38
5903040072,碧綠谷藥局,臺中市清水區中華路５２５號,(04)26281151,0,2,2020/02/12 02:32:38
5903050050,關心藥局,臺中市沙鹿區光大路２４２號,(04)26625182,0,54,2020/02/12 02:32:38
5903050087,仁暉健保處方藥局,臺中市沙鹿區向上路７段１３０號,(04)26365626,0,10,2020/02/12 02:32:38
5903050096,沙鹿合和健保藥局,臺中市沙鹿區正義路２號,(04)26320590,0,10,2020/02/12 02:32:38
5903050103,北勢進騰藥局,臺中市沙鹿區北勢東路５０９之７號１樓,(04)26330893,0,26,2020/02/12 02:32:38
5903050149,立好藥局,臺中市沙鹿區北勢東路６９３號１樓,(04)26522389,0,16,2020/02/12 02:32:38
5903050176,全國藥局,臺中市沙鹿區臺灣大道７段９９２號,(04)26627097,0,32,2020/02/12 02:32:38
5903050185,好利藥局,臺中市沙鹿區中山路４８７－１號,(04)26630087,0,10,2020/02/12 02:32:38
5903050194,樂齊藥局,臺中市沙鹿區北中路８６－１、８６－２號,(04)26338867,0,16,2020/02/12 02:32:38
5903050201,鎮南藥局,臺中市沙鹿區鎮南路２段５２號,(04)26336160,0,10,2020/02/12 02:32:38
5903050210,富康沙鹿藥局,臺中市沙鹿區沙田路１４２號１樓,(04)26633399,0,30,2020/02/12 02:32:38
5903050229,維康藥局,臺中市沙鹿區鎮南路２段４１２號１樓,(04)26524787,0,80,2020/02/12 02:32:38
5903050238,百岳大藥局,臺中市沙鹿區鎮南路二段７７號１樓,(04)26359825,0,6,2020/02/12 02:32:38
5903060010,大芳藥局,臺中市梧棲區中央路１段９０７號,(04)26561755,2,0,2020/02/12 02:32:38
5903060038,梧棲玖裕藥局,臺中市梧棲區中和街８５號,(04)26583909,0,2,2020/02/12 02:32:38
5903070016,泉興中西大藥局,臺中市后里區甲后路一段５９８號,(04)25583883,4,50,2020/02/12 02:32:38
5903070025,得安藥局,臺中市后里區四村路７８號,(04)25585333,0,32,2020/02/12 02:32:38
5903070043,后禮藥局,臺中市后里區甲后路一段１６３號１樓,(04)25582413,0,48,2020/02/12 02:32:38
5903070052,后里宏安藥局,臺中市后里區福音路２８號１樓,(04)25581036,22,64,2020/02/12 02:32:38
5903070061,豪銘藥局,臺中市后里區公安路６８號,(04)25562991,0,14,2020/02/12 02:32:38
5903070089,后里瑞士藥師藥局,臺中市后里區甲后路二段５７９號,(04)25566999,0,38,2020/02/12 02:32:38
5903070098,祐恩藥局,臺中市后里區甲后路一段４７８號１樓,(04)25587518,0,12,2020/02/12 02:32:38
5903070132,內埔瑞士藥師藥局,臺中市后里區中山路３７號１樓,(04)25566959,0,28,2020/02/12 02:32:38
5903070141,甲后藥局,臺中市后里區甲后路一段２５３號１樓,(04)25577378,18,108,2020/02/12 02:32:38
5903080085,社南藥局,臺中市神岡區民生路２４號１樓,(04)25616114,0,10,2020/02/12 02:32:38
5903080094,灃洲大藥局,臺中市神岡區豐洲路４６６－３號１樓,(04)25150169,4,6,2020/02/12 02:32:38
5903090054,美日康藥局,臺中市潭子區大新路５８號,(04)25382308,2,52,2020/02/12 02:32:38
5903090072,元康健保藥局,臺中市潭子區圓通南路１９６號１樓,(04)25353893,12,48,2020/02/12 02:32:38
5903090116,上宇藥局,臺中市潭子區中山路２段３８１號１樓,(04)25321258,0,48,2020/02/12 02:32:38
5903090125,愛生藥師藥局,臺中市潭子區中山路２段４９１號,(04)25321819,0,46,2020/02/12 02:32:38
5903090134,光陽藥局,臺中市潭子區福潭路５０５號１樓,(04)25365607,8,70,2020/02/12 02:32:38
5903090143,佳福藥局,臺中市潭子區中山路１段４３－１號,(04)25332982,0,4,2020/02/12 02:32:38
5903090152,新舒康藥局,臺中市潭子區勝利路１０５號,(04)25344062,4,28,2020/02/12 02:32:38
5903090189,名方藥局,臺中市潭子區勝利路２８５號１樓,(04)25341777,2,2,2020/02/12 02:32:38
5903090223,均安藥局,臺中市潭子區興華一路５０３號１樓,(04)25310998,0,108,2020/02/12 02:32:38
5903090303,安康藥局,臺中市潭子區潭興路三段８７號,(04)25352796,0,90,2020/02/12 02:32:38
5903090312,惠安藥局,臺中市潭子區中山路二段３６２號,(04)25340462,0,42,2020/02/12 02:32:38
5903090330,潭子炘星藥局,臺中市潭子區中山路一段９７號１樓,(04)25320107,0,26,2020/02/12 02:32:38
5903090349,久揚藥局,臺中市潭子區頭張路一段７號１樓,(04)25356103,0,30,2020/02/12 02:32:38
5903090358,信實藥局,臺中市潭子區大德北路６９號１樓,(04)25359220,0,10,2020/02/12 02:32:38
5903090367,成記藥局,臺中市潭子區潭興路三段９３號１樓,(04)25358076,0,44,2020/02/12 02:32:38
5903100019,永瑞藥局,臺中市大雅區民生路１段２１２號,(04)25609969,0,36,2020/02/12 02:32:38
5903100037,大雅東亞藥師大藥局,臺中市大雅區民生路１段２２、２２－１號,(04)25605233,0,6,2020/02/12 02:32:38
5903100046,躍獅佑仁藥局,臺中市大雅區雅環路２段２８７號,(04)25608256,2,62,2020/02/12 02:32:38
5903100064,炘星藥局,臺中市大雅區雅環路一段３３８號１樓,(04)25668655,4,6,2020/02/12 02:32:38
5903100082,大雅安德藥局,臺中市大雅區中清東路２２９號,(04)25604133,0,28,2020/02/12 02:32:38
5903100108,杏一大雅中清藥局,臺中市大雅區中清路四段３１、３３、３５號,(04)25601791,0,30,2020/02/12 02:32:38
5903100117,妙昌藥局,臺中市大雅區永和路１９４號,(04)25664426,0,22,2020/02/12 02:32:38
5903110051,新社千百岳大藥局,臺中市新社區興安路２４、２６號,(04)25821798,0,16,2020/02/12 02:32:38
5903130017,祐民健保藥局,臺中市外埔區甲后路三段１０３０號１樓,(04)26836736,0,26,2020/02/12 02:32:38
5903130026,博翔欣大藥局,臺中市外埔區重光路３３－１９號,(04)26833312,0,14,2020/02/12 02:32:38
5903130035,政修藥局,臺中市外埔區中山路２９０號,(04)26831881,0,32,2020/02/12 02:32:38
5903140013,音聲藥局,臺中市大安區中松路１８號１樓,(04)26715318,4,44,2020/02/12 02:32:38
5903140022,民安藥局,臺中市大安區中山南路２８３號,(04)26711077,0,65,2020/02/12 02:32:38
5903150019,統元藥局,臺中市烏日區中華路５８３號,(04)23377588,0,34,2020/02/12 02:32:38
5903150028,全成烏日藥局,臺中市烏日區溪南路１段７７６號,(04)23352656,0,16,2020/02/12 02:32:38
5903150037,杏益藥局,臺中市烏日區信義街１７２號,(04)23364059,0,30,2020/02/12 02:32:38
5903150055,明康藥局,臺中市烏日區中山路１段５４８－１號,(04)23386157,0,122,2020/02/12 02:32:38
5903150064,智盛藥局,臺中市烏日區中山路１段３３３號１樓,(04)23378286,0,10,2020/02/12 02:32:38
5903150091,學田藥局,臺中市烏日區學田路便行巷１４號,(04)23382230,0,82,2020/02/12 02:32:38
5903150108,仁厚藥局,臺中市烏日區一心街１號,(04)23382375,0,26,2020/02/12 02:32:38
5903150117,成功福倫藥局,臺中市烏日區榮和路６１號１樓,(04)23367018,0,20,2020/02/12 02:32:38
5903150126,烏日安德藥局,臺中市烏日區榮和路１５１號、１５３號１樓,(04)23386925,0,56,2020/02/12 02:32:38
5903160015,追分藥局,臺中市大肚區沙田路一段４０２號１樓,(04)26931439,1,59,2020/02/12 02:32:38
5903160033,新庄藥局,臺中市大肚區遊園路２段２２３－１號,(04)26910209,0,50,2020/02/12 02:32:38
5903160042,大肚新庄藥局,臺中市大肚區遊園路２段２２１－３號１樓,(04)26912119,0,36,2020/02/12 02:32:38
5903160051,祥安健保藥局,臺中市大肚區沙田路２段７６５號１樓,(04)26990580,0,4,2020/02/12 02:32:38
5903160079,同利藥局,臺中市大肚區沙田路一段５０４號,(04)26935492,0,30,2020/02/12 02:32:38
5903160088,必安藥局,臺中市大肚區沙田路二段６３４號,(04)26992116,0,32,2020/02/12 02:32:38
5903160097,安昌藥局,臺中市大肚區遊園路二段１７６號１樓,(04)26913890,0,36,2020/02/12 02:32:38
5903170020,理想藥局,臺中市龍井區國際街１２１號,(04)26521597,0,66,2020/02/12 02:32:38
5903170039,大佶安藥局龍井店,臺中市龍井區沙田路６段１９７號１樓,(04)26361410,2,8,2020/02/12 02:32:38
5903170048,龍井新庄藥局,臺中市龍井區遊園南路１７９號１樓,(04)26322169,0,56,2020/02/12 02:32:38
5903170057,林大藥局,臺中市龍井區中央路３段６０號,(04)26397088,2,0,2020/02/12 02:32:38
5903170066,龍井茂昌藥局,臺中市龍井區中央路２段５７號１樓,(04)26390286,0,46,2020/02/12 02:32:38
5903170093,杏嘉藥局,臺中市龍井區龍山街１４８號１樓,(04)26357889,1,24,2020/02/12 02:32:38
5903170100,全安堂藥局,臺中市龍井區中央路一段２２０號,(04)26394332,14,26,2020/02/12 02:32:38
5903180053,皇昇藥局,臺中市霧峰區四德路５５６號１樓,(04)23397749,0,10,2020/02/12 02:32:38
5903180062,霧峰安德藥局,臺中市霧峰區中正路１１３５號１樓,(04)23300365,0,52,2020/02/12 02:32:38
5903180115,永合藥局,臺中市霧峰區中正路９６５號,(04)23391910,0,26,2020/02/12 02:32:38
5903180133,正開心大藥局,臺中市霧峰區中正路９５１號１樓,(04)23396940,0,62,2020/02/12 02:32:38
5903180142,峰正藥局,臺中市霧峰區中正路８３０號１樓,(04)23303353,0,78,2020/02/12 02:32:38
5903190022,藥源藥局,臺中市太平區中山路４段２２０號,(04)23955108,0,66,2020/02/12 02:32:38
5903190077,八醫健保藥局,臺中市太平區中山路２段３５７號,(04)23935050,0,24,2020/02/12 02:32:38
5903190086,太平永泰大藥局,臺中市太平區長億六街１０６號,(04)22757418,0,50,2020/02/12 02:32:38
5903190139,劍橋藥局,臺中市太平區宜昌路５５２號１樓,(04)22776619,4,34,2020/02/12 02:32:38
5903190148,亞洲藥師連鎖大藥局,臺中市太平區中山路２段４５８號,(04)23921681,0,36,2020/02/12 02:32:38
5903190157,春長藥局,臺中市太平區太平路１４７號,(04)22799286,0,10,2020/02/12 02:32:38
5903190184,太平中大藥局,臺中市太平區宜欣二路４４號１樓,(04)22787846,0,32,2020/02/12 02:32:38
5903190193,佑全太平藥局,臺中市太平區樹德路１２１號１樓,(04)23910016,8,40,2020/02/12 02:32:38
5903190228,中山德侑藥局,臺中市太平區中山路３段２之２號１樓,(04)23920682,4,26,2020/02/12 02:32:38
5903190264,安心藥局,臺中市太平區中山路３段２８號１樓,(04)23912042,0,158,2020/02/12 02:32:38
5903190273,太平小林健保藥局,臺中市太平區育賢路５１８號,(04)23954436,0,36,2020/02/12 02:32:38
5903190282,雪仁藥局,臺中市太平區太平路５０９號,(04)22755053,0,80,2020/02/12 02:32:38
5903190291,新平和藥局,臺中市太平區光興路８２７號１樓,(04)22771262,4,26,2020/02/12 02:32:38
5903190308,達安藥局,臺中市太平區樹德路６９巷６號１樓,(04)23950982,0,106,2020/02/12 02:32:38
5903190317,欣天然藥局,臺中市太平區樹德路２９６號１樓,(04)23982018,58,32,2020/02/12 02:32:38
5903190326,立德藥局,臺中市太平區新興路４８號１樓,(04)23952029,14,28,2020/02/12 02:32:38
5903190335,育賢德侑藥局,臺中市太平區育賢路１０７號、１０９號,(04)23920696,0,32,2020/02/12 02:32:38
5903190353,信康藥局,臺中市太平區樹德路９８－１號,(04)23960697,153,110,2020/02/12 02:32:38
5903190362,太平中山藥局,臺中市太平區中山路４段１１號,(04)23959200,62,166,2020/02/12 02:32:38
5903190380,及宏藥局,臺中市太平區樹孝路５０２號,(04)23919911,64,60,2020/02/12 02:32:38
5903190433,太平瑞昌藥局,臺中市太平區新興路２８號,(04)23956319,18,40,2020/02/12 02:32:38
5903190442,天慈大藥局,臺中市太平區太平路５４０號,(04)22785052,0,50,2020/02/12 02:32:38
5903190488,精武丁丁藥局,臺中市太平區中山路四段１３２－１號,(04)23957235,0,36,2020/02/12 02:32:38
5903190497,太平惠民藥師藥局,臺中市太平區東平路３６８號１樓,(04)22768799,1,54,2020/02/12 02:32:38
5903190504,維肯藥局,臺中市太平區中興路７８－１號,(04)23512198,0,16,2020/02/12 02:32:38
5903190513,樹孝炘星藥局,臺中市太平區樹孝路４７６號,(04)23929578,2,28,2020/02/12 02:32:38
5903190522,聖康佳禾藥局,臺中市太平區光興路８３１號,(04)22772065,0,40,2020/02/12 02:32:38
5903190531,承泓藥局,臺中市太平區育賢路３６３號１樓,(04)23935148,2,28,2020/02/12 02:32:38
5903190559,惠欣藥師藥局,臺中市太平區樹孝路２－１２號１樓,(04)23928881,48,36,2020/02/12 02:32:38
5903190568,世國藥局,臺中市太平區永豐路４２６號１樓,(04)22752537,64,42,2020/02/12 02:32:38
5903190577,勤益藥局,臺中市太平區中山路一段３２１號１樓,(04)24923540,0,110,2020/02/12 02:32:38
5903200023,樂明藥局,臺中市大里區中興路１段２６１號,(04)24920763,46,128,2020/02/12 02:32:38
5903200069,福德健保處方藥局,臺中市大里區塗城路７５８號１樓,(04)24935888,0,20,2020/02/12 02:32:38
5903200096,仁化藥局,臺中市大里區仁化路５４０號,(04)24915902,0,52,2020/02/12 02:32:38
5903200130,新家祐健保藥局,臺中市大里區中興路１段３７６號,(04)24918929,0,50,2020/02/12 02:32:38
5903200149,祥佑健保特約藥局,臺中市大里區中興路２段４０６號,(04)24866398,2,42,2020/02/12 02:32:38
5903200158,世穎藥局,臺中市大里區中興路１段１６７－６號１樓,(04)24937265,0,62,2020/02/12 02:32:38
5903200176,聖康藥局,臺中市大里區立仁路７９號１樓,(04)22700625,2,0,2020/02/12 02:32:38
5903200194,博德藥局,臺中市大里區成功２路１０４號１樓,(04)24968642,2,40,2020/02/12 02:32:38
5903200210,益民藥局,臺中市大里區益民路２段７１號１樓,(04)24836083,2,68,2020/02/12 02:32:38
5903200229,信元藥局,臺中市大里區益民路２段３７２號１樓,(04)24876051,0,42,2020/02/12 02:32:38
5903200318,廣信藥局,臺中市大里區益民路１段１６４號１樓,(04)24829981,2,56,2020/02/12 02:32:38
5903200372,國光丁丁藥局,臺中市大里區國光路２段５５１－１號１樓,(04)24069711,0,34,2020/02/12 02:32:38
5903200425,祐仁健保藥局,臺中市大里區仁化路８１６號１樓,(04)24964321,0,52,2020/02/12 02:32:38
5903200443,佳霖藥局,臺中市大里區塗城路９６４號１樓,(04)24960895,96,40,2020/02/12 02:32:38
5903200461,合康藥局,臺中市大里區中投西路３段２２３號１樓,(04)24078383,1,76,2020/02/12 02:32:38
5903200514,大明永欣藥局,臺中市大里區大明路５３９號１樓、５４１號１樓,(04)24068864,0,98,2020/02/12 02:32:38
5903200541,大里康媞藥局,臺中市大里區塗城路４９４號,(04)24966627,4,38,2020/02/12 02:32:38
5903200550,康福藥局,臺中市大里區大新街５１號,(04)24070808,2,9,2020/02/12 02:32:38
5903200569,和信健康藥局,臺中市大里區德芳路一段５９號,(04)24833677,0,40,2020/02/12 02:32:38
5903200578,大里慈輝藥局,臺中市大里區中興路二段６８３號,(04)24835507,6,54,2020/02/12 02:32:38
5903200587,大里安德健保藥局,臺中市大里區大明路１１７號,(04)24875607,0,34,2020/02/12 02:32:38
5903200596,大樹大里藥局,臺中市大里區中興路二段１０１號,(04)24861133,0,48,2020/02/12 02:32:38
5903200603,全家藥局,臺中市大里區中興路一段１０９之６號,(04)24929976,0,54,2020/02/12 02:32:38
5903200621,德芳東榮藥局,臺中市大里區東榮路８號,(04)24863898,0,41,2020/02/12 02:32:38
5903200630,東裕藥局,臺中市大里區中興路二段１５３－３號１樓,(04)24850728,26,117,2020/02/12 02:32:38
5903200649,躍獅日新藥局,臺中市大里區日新路３４２號１樓,(04)24822345,0,44,2020/02/12 02:32:38
5903200658,德芳成功藥局,臺中市大里區成功路５３５－３號１樓,(04)24920298,2,2,2020/02/12 02:32:38
5903200667,永欣東榮藥局,臺中市大里區東榮路３７０號１樓,(04)24810599,2,25,2020/02/12 02:32:38
5903200676,立人藥局,臺中市大里區益民路二段１９號１樓,(04)24831722,0,32,2020/02/12 02:32:38
5903220061,宏信大藥局,臺中市中區自由路２段４５號１樓,(04)22222021,0,60,2020/02/12 02:32:38
5903220105,平等安德藥局,臺中市中區平等街１１６號,(04)22222889,0,134,2020/02/12 02:32:38
5903220132,維康台中藥局,臺中市中區三民路二段１號,(04)22243395,0,84,2020/02/12 02:32:38
5903220141,雙十小林健保藥局,臺中市中區雙十路一段３５號,(04)22253662,4,159,2020/02/12 02:32:38
5903220150,老順安大藥局,臺中市中區中華路二段６３號、６５號１樓,(04)22016306,2,41,2020/02/12 02:32:38
5903220169,公園大藥局,臺中市中區公園路９５號１樓,(04)22060858,0,168,2020/02/12 02:32:38
5903230030,十甲東亞藥師大藥局,臺中市東區十甲路４２３號１樓,(04)22118879,0,56,2020/02/12 02:32:38
5903230085,翔新藥局,臺中市東區東英１７街１６７－３號,(04)22131269,44,74,2020/02/12 02:32:38
5903230094,平祐健保藥局,臺中市東區旱溪東路１段２９７號１樓,(04)22113898,0,52,2020/02/12 02:32:38
5903230156,樂業小林健保藥局,臺中市東區樂業路４４３號１樓,(04)22139123,4,50,2020/02/12 02:32:38
5903230165,快安堂藥局,臺中市東區旱溪街８０之１１號,(04)22115983,38,87,2020/02/12 02:32:38
5903230183,恒生藥局,臺中市東區樂業路３９５號１樓,(04)22135179,26,96,2020/02/12 02:32:38
5903240090,嶸曜藥局,臺中市西區美村路１段５９２號,(04)23782478,54,114,2020/02/12 02:32:38
5903240143,利民藥局,臺中市西區四維街２３號１樓,(04)22292931,0,58,2020/02/12 02:32:38
5903240152,陽光藥局,臺中市西區中美街３０５號１樓,(04)23020711,0,128,2020/02/12 02:32:38
5903240170,美村全成藥局,臺中市西區美村路１段２２２號１樓,(04)23014006,4,114,2020/02/12 02:32:38
5903240198,鑫祐藥局,臺中市西區民權路３０２－５號,(04)23027778,0,80,2020/02/12 02:32:38
5903240205,捷登藥局,臺中市西區公益路１０６號,(04)23191929,0,42,2020/02/12 02:32:38
5903240278,美術藥局,臺中市西區美村路一段５６７號,(04)23725286,0,24,2020/02/12 02:32:38
5903240287,美村大藥局,臺中市西區美村路一段６２號１樓,(04)23288121,0,44,2020/02/12 02:32:38
5903240330,大樹五權藥局,臺中市西區五權路９７之１號１樓,(04)22022910,2,174,2020/02/12 02:32:38
5903240358,早齋藥局,臺中市西區美村路一段３４２號１樓,(04)23029168,22,118,2020/02/12 02:32:38
5903240367,宇祥藥局,臺中市西區五權五街１１９號１樓,(04)23728239,0,88,2020/02/12 02:32:38
5903240376,台丞藥局,臺中市西區三民路一段１６６－５號,(04)22279666,0,102,2020/02/12 02:32:38
5903240385,喆星藥局,臺中市西區精誠路４２２號,(04)24715301,0,52,2020/02/12 02:32:38
5903240394,好好誠美藥局,臺中市西區向上北路１８６號１樓,(04)23022838,8,66,2020/02/12 02:32:38
5903240410,德芳美村藥局,臺中市西區美村路一段６８１、６８３號１樓,(04)23782848,0,52,2020/02/12 02:32:38
5903250041,小林健保藥局,臺中市南區美村路２段１８２號,(04)22622099,0,8,2020/02/12 02:32:38
5903250069,尚尚藥局,臺中市南區美村南路１９７號１樓,(04)22606831,0,32,2020/02/12 02:32:38
5903250103,忠孝德侑健保藥局,臺中市南區正義街１５９號,(04)22851400,0,64,2020/02/12 02:32:38
5903250112,立成藥局,臺中市南區學府路１４３號,(04)22205915,0,62,2020/02/12 02:32:38
5903250176,弘大美妝藥局,臺中市南區南門路１１５號１樓,(04)22859180,0,74,2020/02/12 02:32:38
5903250194,元氣家藥局,臺中市南區文心南路８８８－３號１樓,(04)22631660,0,28,2020/02/12 02:32:38
5903250210,好好藥局,臺中市南區忠明南路７８６號,(04)22612961,0,68,2020/02/12 02:32:38
5903250274,明心健康藥局,臺中市南區三民西路３７５號１樓,(04)23780170,184,82,2020/02/12 02:32:38
5903250292,萊爾康藥局,臺中市南區文心南路９２３之１號１樓,(04)22650290,16,62,2020/02/12 02:32:38
5903250309,台杏藥局,臺中市南區復興路三段３３７號,(04)22218087,0,64,2020/02/12 02:32:38
5903250318,全太藥局,臺中市南區復興路一段４４７號,(04)22600068,0,8,2020/02/12 02:32:38
5903250381,大樹美村藥局,臺中市南區美村南路１２４號,(04)22621113,0,12,2020/02/12 02:32:38
5903250434,仁美藥局,臺中市南區南平路１６９號,(04)22652495,0,116,2020/02/12 02:32:38
5903250443,千美台安藥局,臺中市南區美村南路２６３號,(04)22602101,2,66,2020/02/12 02:32:38
5903250489,長榮藥局,臺中市南區新華街１８６號１樓,(04)22220210,0,78,2020/02/12 02:32:38
5903250498,田園藥局,臺中市南區學府路１６０號１樓,(04)22220605,0,104,2020/02/12 02:32:38
5903250505,心安藥局,臺中市南區國光路２４１號１樓,(04)22858773,2,36,2020/02/12 02:32:38
5903250514,泰友藥局,臺中市南區復興路二段９９巷１３號１樓,(04)22615701,2,48,2020/02/12 02:32:38
5903260163,康甫藥師藥局,臺中市北區進化北路３６６號１樓,(04)22366682,0,90,2020/02/12 02:32:38
5903260270,冠安藥局,臺中市北區進化路５１０、５１２號,(04)22335770,0,52,2020/02/12 02:32:38
5903260314,喜悅健保藥局,臺中市北區健行路４１４號１樓,(04)22333988,0,136,2020/02/12 02:32:38
5903260332,國安漢口藥局,臺中市北區漢口路４段２６０號１樓,(04)22312777,0,50,2020/02/12 02:32:38
5903260341,台中漢口藥局,臺中市北區漢口路３段１８３號,(04)22936166,0,42,2020/02/12 02:32:38
5903260350,宏信藥局,臺中市北區崇德路１段４５３號,(04)22355476,0,100,2020/02/12 02:32:38
5903260387,台中大樹藥局,臺中市北區漢口路３段２６１號,(04)22981113,0,130,2020/02/12 02:32:38
5903260421,忠明小林健保藥局,臺中市北區忠明路１６１號,(04)22013666,20,90,2020/02/12 02:32:38
5903260449,喜樂藥局,臺中市北區中清路１段３１號,(04)22060423,72,146,2020/02/12 02:32:38
5903260476,康媞藥局,臺中市北區山西路二段１２５號,(04)22925388,0,56,2020/02/12 02:32:38
5903260501,瑞鋒藥師藥局,臺中市北區育德路１６號,(04)22020786,0,102,2020/02/12 02:32:38
5903260529,多倫多藥局,臺中市北區太原路二段１１號１樓,(04)22980210,2,84,2020/02/12 02:32:38
5903260547,源順大藥局,臺中市北區健行路４８４號,(04)22072651,0,98,2020/02/12 02:32:38
5903260592,台中丁丁藥局,臺中市北區漢口路４段２５５號,(04)22374596,0,44,2020/02/12 02:32:38
5903260618,中清小林健保藥局,臺中市北區中清路一段８６、８８號１樓,(04)22034197,28,140,2020/02/12 02:32:38
5903260627,明曜藥局,臺中市北區北平路二段１９０號１樓,(04)22916775,0,44,2020/02/12 02:32:38
5903260636,進化瑞昌藥局,臺中市北區進化路３３２號,(04)23608199,0,75,2020/02/12 02:32:38
5903260654,康新藥局,臺中市北區五權路２３２號,(04)22020008,94,160,2020/02/12 02:32:38
5903260663,佑全台中五權藥局,臺中市北區五權路４９６號,(04)22080702,0,104,2020/02/12 02:32:38
5903260681,昭德藥師藥局,臺中市北區西屯路一段３４５號,(04)23235655,0,112,2020/02/12 02:32:38
5903260707,新藥林藥局,臺中市北區健行路４４５－５號１樓,(04)22053458,18,102,2020/02/12 02:32:38
5903260734,立得藥局,臺中市北區忠太西路１１號１樓,(04)22080013,24,128,2020/02/12 02:32:38
5903260743,黎明安德藥局,臺中市北區中清路１段８５２號１樓,(04)22956098,52,120,2020/02/12 02:32:38
5903260752,躍獅達心藥局,臺中市北區雙十路二段１８７號１樓,(04)22344548,4,54,2020/02/12 02:32:38
5903260761,杏一北區忠明藥局,臺中市北區忠明路４４２號１樓,(04)22081273,0,28,2020/02/12 02:32:38
5903260770,維康學士藥局,臺中市北區學士路１９號１樓,(04)22080545,0,72,2020/02/12 02:32:38
5903260789,瑞昌藥局,臺中市北區學士路１５５號１樓,(04)22056819,0,52,2020/02/12 02:32:38
5903260798,光恒藥局,臺中市北區五權路２６１號１樓,(04)22068638,2,120,2020/02/12 02:32:38
5903260805,鐘藥局,臺中市北區梅豐街７９號１樓,(04)22334187,130,168,2020/02/12 02:32:38
5903270025,祐生藥局,臺中市西屯區文華路３之１號１樓,(04)24517169,1,88,2020/02/12 02:32:38
5903270061,青育藥師藥局,臺中市西屯區河南路２段３６２號１樓,(04)27068798,0,90,2020/02/12 02:32:38
5903270089,信心藥局,臺中市西屯區四川路１９０號,(04)23163430,0,92,2020/02/12 02:32:38
5903270105,樂得好大藥局,臺中市西屯區上石路２號１樓,(04)24521173,1,108,2020/02/12 02:32:38
5903270230,大心藥局,臺中市西屯區西屯路２段２９５－１９號,(04)24528355,2,26,2020/02/12 02:32:38
5903270258,927藥局,臺中市西屯區國安一路５３號１樓,(04)24626680,0,32,2020/02/12 02:32:38
5903270301,宥承藥局,臺中市西屯區西屯路３段１４８－１６號,(04)24626559,2,88,2020/02/12 02:32:38
5903270310,弘福藥師藥局,臺中市西屯區西屯路３段１６６－２１號１樓,(04)24611916,4,48,2020/02/12 02:32:38
5903270347,甘肅安德藥局,臺中市西屯區甘肅路２０２－３號,(04)23165935,0,28,2020/02/12 02:32:38
5903270365,麒霖藥局,臺中市西屯區福順路３０７號１樓,(04)24638978,0,36,2020/02/12 02:32:38
5903270374,富康家健保藥局,臺中市西屯區漢成四街８號,(04)23174741,2,44,2020/02/12 02:32:38
5903270383,佳德健保藥局,臺中市西屯區工業３８路２６號,(04)23598285,0,54,2020/02/12 02:32:38
5903270392,瑞德大藥局,臺中市西屯區中清西二街８４號,(04)22939820,0,44,2020/02/12 02:32:38
5903270409,維恩藥局,臺中市西屯區甘肅路一段１９５號,(04)23174277,0,40,2020/02/12 02:32:38
5903270516,中科何藥局,臺中市西屯區福康路４０號,(04)24612570,0,48,2020/02/12 02:32:38
5903270552,瑞心藥局,臺中市西屯區福科路９５０號,(04)24639203,0,48,2020/02/12 02:32:38
5903270570,百富藥局,臺中市西屯區福上巷１６號,(04)22970708,16,70,2020/02/12 02:32:38
5903270598,瑞晟中西藥局,臺中市西屯區大信街５０－１號,(04)23157228,5,118,2020/02/12 02:32:38
5903270605,樂芙藥局,臺中市西屯區大墩路８８１號１樓,(04)23203100,10,84,2020/02/12 02:32:38
5903270650,佑升藥局,臺中市西屯區黎明路三段３８５號１樓,(04)24525015,0,92,2020/02/12 02:32:38
5903270678,增健美藥局,臺中市西屯區河南路２段３５９號１樓,(04)27056068,0,90,2020/02/12 02:32:38
5903270712,漢諾威藥局,臺中市西屯區青海路一段１１４號１樓,(04)23174323,8,115,2020/02/12 02:32:38
5903270721,舒健藥局,臺中市西屯區西屯路二段２５５號２樓,(04)27077858,6,104,2020/02/12 02:32:38
5903270730,台榮藥局,臺中市西屯區東大路１段１９號,(04)23581786,84,132,2020/02/12 02:32:38
5903270749,大墩藥局,臺中市西屯區大墩１９街６８號１樓,(04)23209602,8,80,2020/02/12 02:32:38
5903270801,榮友藥局,臺中市西屯區臺灣大道四段１７４２號,(04)23508392,30,134,2020/02/12 02:32:38
5903270810,佑全福星藥局,臺中市西屯區黎明路三段３９５、３９７號,(04)24527465,0,30,2020/02/12 02:32:38
5903270829,長穎藥局,臺中市西屯區西屯路二段１００之２１號１樓,(04)23151176,0,116,2020/02/12 02:32:38
5903270838,西屯長安藥局,臺中市西屯區成都路３６８號,(04)23219991,1,130,2020/02/12 02:32:38
5903270847,分子藥局,臺中市西屯區惠來路二段２３６－１號,(04)22513080,0,58,2020/02/12 02:32:38
5903270865,尚禾藥局,臺中市西屯區青海路一段６５號,(04)23147688,0,50,2020/02/12 02:32:38
5903270874,熊健康藥局,臺中市西屯區太原路一段２３２號,(04)23163505,65,92,2020/02/12 02:32:38
5903270883,祥和大藥局,臺中市西屯區青海路二段２４０－９號,(04)27000122,0,54,2020/02/12 02:32:38
5903270892,杏林堂藥局,臺中市西屯區黎明路三段１４８號１樓,(04)24528967,0,52,2020/02/12 02:32:38
5903270909,元生藥局,臺中市西屯區大墩路９６０號,(04)23274539,4,34,2020/02/12 02:32:38
5903270918,全成西屯藥局,臺中市西屯區黎明路三段２２１、２２３號1樓,(04)24512290,0,48,2020/02/12 02:32:38
5903270927,河南小林健保藥局,臺中市西屯區河南路二段２９８號１樓,(04)24512830,18,64,2020/02/12 02:32:38
5903270936,新元藥局,臺中市西屯區文心路三段５３２號１樓,(04)23121383,1,110,2020/02/12 02:32:38
5903270963,源興大藥局,臺中市西屯區西屯路二段１２號,(04)23143045,0,55,2020/02/12 02:32:38
5903271004,西屯青育藥師藥局,臺中市西屯區西屯路二段２９５－３號１樓,(04)27077898,0,90,2020/02/12 02:32:38
5903271022,西屯藥局,臺中市西屯區西屯路三段１５０－４５號１樓,(04)24621822,38,118,2020/02/12 02:32:38
5903271031,美十樂中科藥局,臺中市西屯區西屯路三段１６６－６５號１樓,(04)24733646,0,30,2020/02/12 02:32:38
5903271040,美康逢甲健保藥局,臺中市西屯區福星路４３１號１樓、４３１－１號２樓,(04)24528707,0,128,2020/02/12 02:32:38
5903271059,安德藥局,臺中市西屯區福康路１７號１樓,(04)24638302,0,20,2020/02/12 02:32:38
5903271068,西墩藥局,臺中市西屯區黎明路三段２７５、２７７號１樓,(04)24510770,32,127,2020/02/12 02:32:38
5903271077,合和健保藥局,臺中市西屯區福科路７９３號１樓,(04)24630321,18,78,2020/02/12 02:32:38
5903271086,常春藤藥局,臺中市西屯區福康路８０號１樓,(04)24619296,2,46,2020/02/12 02:32:38
5903271102,杏東美藥局,臺中市西屯區智惠街１５６號１樓,(04)24523798,0,34,2020/02/12 02:32:38
5903280067,博川健保藥局,臺中市南屯區大墩５街２９８號１樓,(04)24732995,0,94,2020/02/12 02:32:38
5903280101,成記大藥局,臺中市南屯區大墩１７街１２３號１樓,(04)23288877,0,100,2020/02/12 02:32:38
5903280165,南屯福倫藥局,臺中市南屯區南屯路２段３１７號,(04)24758018,6,50,2020/02/12 02:32:38
5903280245,大墩何藥局,臺中市南屯區大敦南路４３１號１．２樓,(04)24710655,0,24,2020/02/12 02:32:38
5903280325,亞洲連鎖大藥局,臺中市南屯區黎明路２段１３３、１３５號,(04)23812886,0,62,2020/02/12 02:32:38
5903280334,長益藥局,臺中市南屯區忠勇路９９號,(04)23899383,4,2,2020/02/12 02:32:38
5903280361,誠美健保藥局,臺中市南屯區南屯路２段１６９號１樓,(04)24752000,0,68,2020/02/12 02:32:38
5903280398,元生連鎖保健藥局,臺中市南屯區大墩路９２２號１樓,(04)23273267,0,82,2020/02/12 02:32:38
5903280450,瑞安藥局,臺中市南屯區大墩路２６１號,(04)24750818,0,50,2020/02/12 02:32:38
5903280487,康詮藥師藥局,臺中市南屯區大墩路７３２號,(04)23286688,84,132,2020/02/12 02:32:38
5903280521,百康健保藥局,臺中市南屯區黎明路二段３６３號,(04)22547776,2,70,2020/02/12 02:32:38
5903280549,仁幼藥局,臺中市南屯區黎明東街１５１號,(04)23809162,0,22,2020/02/12 02:32:38
5903280567,康總藥局,臺中市南屯區南屯路二段１０１號１樓,(04)24735285,4,81,2020/02/12 02:32:38
5903280576,佑全黎明藥局,臺中市南屯區黎明路２段２６６號,(04)23805560,0,46,2020/02/12 02:32:38
5903280585,康得藥局,臺中市南屯區向上路三段４５號,(04)23820981,26,94,2020/02/12 02:32:38
5903280594,東林藥局,臺中市南屯區黎明路二段１４０號,(04)23810567,0,34,2020/02/12 02:32:38
5903280601,方昇藥局,臺中市南屯區大墩路８１３號１樓,(04)23288818,102,64,2020/02/12 02:32:38
5903280638,心靜藥局,臺中市南屯區黎明路一段１１３８號,(04)23823977,0,76,2020/02/12 02:32:38
5903280647,澄光人文藥局,臺中市南屯區干城街３０５號,(04)22530303,0,36,2020/02/12 02:32:38
5903280656,熊大心藥局,臺中市南屯區河南路四段３７６號,(04)22516252,0,84,2020/02/12 02:32:38
5903280665,和平藥師藥局,臺中市南屯區大墩十街１９２號,(04)23260008,0,56,2020/02/12 02:32:38
5903280683,詠悅藥局,臺中市南屯區大墩十二街６３７號,(04)22515012,0,10,2020/02/12 02:32:38
5903280692,富康藥局,臺中市南屯區大墩路３２３號１樓,(04)24722677,6,84,2020/02/12 02:32:38
5903280718,樂活藥局,臺中市南屯區大聖街３３２號１樓,(04)23106301,50,124,2020/02/12 02:32:38
5903280727,大樹南屯藥局,臺中市南屯區向上路一段６４３號１樓,(04)24758887,0,68,2020/02/12 02:32:38
5903280736,大育藥局,臺中市南屯區東興路二段７１號１樓,(04)24755656,0,32,2020/02/12 02:32:38
5903280745,亨宇藥局,臺中市南屯區東興路二段２９－２號１樓,(04)24711206,0,90,2020/02/12 02:32:38
5903280754,弘泰藥師藥局,臺中市南屯區向心南路９４８號１樓,(04)24750790,0,14,2020/02/12 02:32:38
5903280763,全順藥局,臺中市南屯區永春東路３３９號１樓,(04)24730983,0,6,2020/02/12 02:32:38
5903280781,美十樂藥局,臺中市南屯區東興路二段２７９號１樓,(04)23806288,0,72,2020/02/12 02:32:38
5903290045,康美得藥局,臺中市北屯區昌平路１段１０５－８號,(04)22467128,0,48,2020/02/12 02:32:38
5903290063,承恩藥局,臺中市北屯區北屯路４４１－１號１樓,(04)22467857,16,80,2020/02/12 02:32:38
5903290090,瑞士藥局,臺中市北屯區北屯路１９２－３號１樓,(04)22344853,2,88,2020/02/12 02:32:38
5903290125,中貞藥局,臺中市北屯區松竹路２段３０５號,(04)22412305,0,82,2020/02/12 02:32:38
5903290198,健康達人藥局,臺中市北屯區遼寧路１段６３號,(04)22471172,0,48,2020/02/12 02:32:38
5903290232,弘映藥局,臺中市北屯區崇德路２段４６７號,(04)22464485,0,36,2020/02/12 02:32:38
5903290312,大連大愛藥局,臺中市北屯區大連路２段２２１號,(04)22428899,10,68,2020/02/12 02:32:38
5903290385,元復藥局,臺中市北屯區東山路１段２２５－７號,(04)24362075,2,76,2020/02/12 02:32:38
5903290394,億銓藥局,臺中市北屯區北屯路２１０－１號,(04)22313670,0,48,2020/02/12 02:32:38
5903290456,百禾藥局中清店,臺中市北屯區中清路２段６００號１樓,(04)22980980,0,104,2020/02/12 02:32:38
5903290483,兩隻老虎藥局,臺中市北屯區崇德路２段１２號,(04)22364635,0,65,2020/02/12 02:32:38
5903290518,佳美藥局,臺中市北屯區東山路１段２６５號１樓,(04)24363658,0,70,2020/02/12 02:32:38
5903290572,合健藥局,臺中市北屯區大連路一段５４－１號,(04)22951833,0,46,2020/02/12 02:32:38
5903290607,敦化小林健保藥局,臺中市北屯區敦化路１段６６８號,(04)24261881,0,14,2020/02/12 02:32:38
5903290625,又昌中西健保藥局,臺中市北屯區東山路１段２２３號,(04)24375716,16,98,2020/02/12 02:32:38
5903290661,康博中西健保藥局,臺中市北屯區后庄一街７號１樓,(04)24252468,16,98,2020/02/12 02:32:38
5903290689,大德安藥局,臺中市北屯區景賢路２３６號,(04)24378351,14,40,2020/02/12 02:32:38
5903290714,寶昇藥局,臺中市北屯區東山路一段２１６－２４號１樓,(04)24371393,48,66,2020/02/12 02:32:38
5903290723,崙湞藥局,臺中市北屯區進化北路４５號,(04)22370189,0,142,2020/02/12 02:32:38
5903290732,小蕃茄藥局,臺中市北屯區山西路二段２６２號,(04)22951900,114,64,2020/02/12 02:32:38
5903290750,長幼藥局,臺中市北屯區崇德路二路二段１５７號１樓,(04)22426767,2,76,2020/02/12 02:32:38
5903290778,博宇藥局,臺中市北屯區北屯路３８５之１號,(04)22341479,4,102,2020/02/12 02:32:38
5903290787,新一代何藥局,臺中市北屯區環中東路二段２６６、２６８號１樓,(04)24364366,0,30,2020/02/12 02:32:38
5903290796,大樹北屯藥局,臺中市北屯區松竹路二段４１１號,(04)22422262,42,80,2020/02/12 02:32:38
5903290803,英全藥局,臺中市北屯區北平路三段３４號,(04)22345179,0,40,2020/02/12 02:32:38
5903290821,昌平炘星藥局,臺中市北屯區昌平路二段１１－３６號,(04)22417616,4,86,2020/02/12 02:32:38
5903290830,齊方藥局,臺中市北屯區四平路３９號,(04)22912192,2,42,2020/02/12 02:32:38
5903290849,新盛藥局,臺中市北屯區松竹路二段１５７號１樓,(04)22467779,0,80,2020/02/12 02:32:38
5903290876,北屯軍功藥局,臺中市北屯區軍功路一段７５２號,(04)24375111,14,72,2020/02/12 02:32:38
5903290885,全成北屯藥局,臺中市北屯區北屯路４３９－１１號１樓,(04)22463518,36,82,2020/02/12 02:32:38
5903290901,帥帥藥局,臺中市北屯區東山路一段３００－２號,(04)24378188,0,32,2020/02/12 02:32:38
5903290929,微笑藥局,臺中市北屯區昌平路一段３１８號１樓,(04)22432699,0,56,2020/02/12 02:32:38
5903290938,中清崙湞藥局,臺中市北屯區中清路二段２９６號１樓,(04)22990409,28,146,2020/02/12 02:32:38
5903290947,德寶健保藥局,臺中市北屯區熱河路一段７０號１樓,(04)22325511,0,114,2020/02/12 02:32:38
5903290956,德霖藥局,臺中市北屯區東山路１段２１６－９號１樓,(04)24369526,0,38,2020/02/12 02:32:38
5903290965,崇德藥局,臺中市北屯區崇德路二段３１號,(04)22361331,2,94,2020/02/12 02:32:38
5903290974,興安永佳藥局,臺中市北屯區興安路一段３３３號１樓,(04)22437876,0,56,2020/02/12 02:32:38
5903290983,祥和藥局,臺中市北屯區太原路三段１４７號１樓,(04)22369603,4,78,2020/02/12 02:32:38
5905010018,永麗藥師藥局,臺南市新營區三民路７６之１０號,(06)6377898,106,144,2020/02/12 02:32:38
5905010027,大安藥局,臺南市新營區中山路２５７號,(06)6322366,0,108,2020/02/12 02:32:38
5905010036,橘子藥局,臺南市新營區民權路１１８之２號,(06)6351881,0,14,2020/02/12 02:32:38
5905010045,台新藥局,臺南市新營區中正路８６號,(06)6350048,296,128,2020/02/12 02:32:38
5905010063,松柏藥局,臺南市新營區新南里新北街１號,(06)6590063,28,24,2020/02/12 02:32:38
5905010072,長壽藥局,臺南市新營區中山路２１９號,(06)6324001,47,176,2020/02/12 02:32:38
5905010090,菁安連鎖健保藥局民治店,臺南市新營區民治路１０之１號１樓,(06)6351678,120,138,2020/02/12 02:32:38
5905010107,李藥師健康藥局,臺南市新營區大宏里民族路２１號,(06)6328359,0,108,2020/02/12 02:32:38
5905010116,安全藥局,臺南市新營區民治路６之４４號１樓,(06)6321706,0,90,2020/02/12 02:32:38
5905010125,宏泰大藥局,臺南市新營區新東里東興８街２７號,(06)6327801,0,76,2020/02/12 02:32:38
5905010134,聖佳藥局,臺南市新營區大宏里民治路２９巷２６－１３號１樓,(06)6330623,126,156,2020/02/12 02:32:38
5905010152,謙和藥師藥局,臺南市新營區延平路１０１之２號,(06)6322957,88,148,2020/02/12 02:32:38
5905010161,安佳藥局,臺南市新營區民治路３７４號１樓,(06)6560535,120,98,2020/02/12 02:32:38
5905010189,華陞藥局,臺南市新營區三民路１０６號１樓,(06)6329777,166,32,2020/02/12 02:32:38
5905010214,大樹新營藥局,臺南市新營區民權路７４、７６、７８號１樓,(06)6328300,68,148,2020/02/12 02:32:38
5905020014,恩加藥局,臺南市鹽水區武廟里三福路７０號,(06)6521346,0,63,2020/02/12 02:32:38
5905030010,美恩健保藥局,臺南市白河區永安里中山路８１號１樓,(06)6858865,0,76,2020/02/12 02:32:38
5905030038,美尚藥局,臺南市白河區白河里康樂路４３號,(06)6853538,0,78,2020/02/12 02:32:38
5905030065,安泰藥局,臺南市白河區中正路９３號１樓,(06)6856700,0,40,2020/02/12 02:32:38
5905030074,優生藥局,臺南市白河區新起街２－１９號,(06)6831583,240,190,2020/02/12 02:32:38
5905040070,華笙藥局,臺南市麻豆區中山路１５０－１０號,(06)5715568,446,156,2020/02/12 02:32:38
5905040089,徠德藥局,臺南市麻豆區文昌路１４－２號,(06)5711393,120,154,2020/02/12 02:32:38
5905040105,幸福藥局,臺南市麻豆區光復路１２７號１樓,(06)5720977,6,76,2020/02/12 02:32:38
5905040114,禾泰藥局,臺南市麻豆區中正路５９－３號１樓,(06)5720389,94,106,2020/02/12 02:32:38
5905040123,麻豆啄木鳥藥局,臺南市麻豆區興國路５６－２２號１樓,(06)5714786,0,6,2020/02/12 02:32:38
5905040132,大樹麻豆藥局,臺南市麻豆區中山路４８、５０號１樓,(06)5716556,84,148,2020/02/12 02:32:38
5905050012,延平藥局,臺南市佳里區延平路４５號,(06)72361